<?xml version="1.0" encoding="UTF-8" standalone="no"?>
<raConfiguration version="9">
  <generalSettings>
    <option key="#Board#" value="board.ra6m4ek"/>
    <option key="CPU" value="RA6M4"/>
    <option key="Core" value="CM33"/>
    <option key="#TargetName#" value="R7FA6M4AF3CFB"/>
    <option key="#TargetARCHITECTURE#" value="cortex-m33"/>
    <option key="#DeviceCommand#" value="R7FA6M4AF"/>
    <option key="#RTOS#" value="_none"/>
    <option key="#pinconfiguration#" value="R7FA6M4AF3CFB.pincfg"/>
    <option key="#FSPVersion#" value="5.5.0"/>
    <option key="#ConfigurationFragments#" value="Renesas##BSP##Board##ra6m4_ek##"/>
    <option key="#SELECTED_TOOLCHAIN#" value="gcc-arm-embedded"/>
    <option key="#ToolchainVersion#" value="13.2.1.arm-13-7"/>
  </generalSettings>
  <raBspConfiguration>
    <config id="config.bsp.ra6m4.R7FA6M4AF3CFB">
      <property id="config.bsp.part_number" value="config.bsp.part_number.value"/>
      <property id="config.bsp.rom_size_bytes" value="config.bsp.rom_size_bytes.value"/>
      <property id="config.bsp.rom_size_bytes_hidden" value="1048576"/>
      <property id="config.bsp.ram_size_bytes" value="config.bsp.ram_size_bytes.value"/>
      <property id="config.bsp.data_flash_size_bytes" value="config.bsp.data_flash_size_bytes.value"/>
      <property id="config.bsp.package_style" value="config.bsp.package_style.value"/>
      <property id="config.bsp.package_pins" value="config.bsp.package_pins.value"/>
      <property id="config.bsp.irq_count_hidden" value="96"/>
    </config>
    <config id="config.bsp.ra6m4">
      <property id="config.bsp.series" value="config.bsp.series.value"/>
    </config>
    <config id="config.bsp.ra6m4.fsp">
      <property id="config.bsp.fsp.inline_irq_functions" value="config.bsp.common.inline_irq_functions.enabled"/>
      <property id="config.bsp.fsp.tz.exception_response" value="config.bsp.fsp.tz.exception_response.nmi"/>
      <property id="config.bsp.fsp.tz.cmsis.bfhfnmins" value="config.bsp.fsp.tz.cmsis.bfhfnmins.secure"/>
      <property id="config.bsp.fsp.tz.cmsis.sysresetreqs" value="config.bsp.fsp.tz.cmsis.sysresetreqs.secure_only"/>
      <property id="config.bsp.fsp.tz.cmsis.s_priority_boost" value="config.bsp.fsp.tz.cmsis.s_priority_boost.disabled"/>
      <property id="config.bsp.fsp.tz.csar" value="config.bsp.fsp.tz.csar.both"/>
      <property id="config.bsp.fsp.tz.rstsar" value="config.bsp.fsp.tz.rstsar.both"/>
      <property id="config.bsp.fsp.tz.bbfsar" value="config.bsp.fsp.tz.bbfsar.both"/>
      <property id="config.bsp.fsp.tz.sramsar.sramprcr" value="config.bsp.fsp.tz.sramsar.sramprcr.both"/>
      <property id="config.bsp.fsp.tz.sramsar.sramecc" value="config.bsp.fsp.tz.sramsar.sramecc.both"/>
      <property id="config.bsp.fsp.tz.stbramsar" value="config.bsp.fsp.tz.stbramsar.both"/>
      <property id="config.bsp.fsp.tz.bussara" value="config.bsp.fsp.tz.bussara.both"/>
      <property id="config.bsp.fsp.tz.bussarb" value="config.bsp.fsp.tz.bussarb.both"/>
      <property id="config.bsp.fsp.tz.banksel_sel" value="config.bsp.fsp.tz.banksel_sel.both"/>
      <property id="config.bsp.fsp.tz.uninitialized_ns_application_fallback" value="config.bsp.fsp.tz.uninitialized_ns_application_fallback.enabled"/>
      <property id="config.bsp.fsp.cache_line_size" value="config.bsp.fsp.cache_line_size.32"/>
      <property id="config.bsp.fsp.OFS0.iwdt_start_mode" value="config.bsp.fsp.OFS0.iwdt_start_mode.disabled"/>
      <property id="config.bsp.fsp.OFS0.iwdt_timeout" value="config.bsp.fsp.OFS0.iwdt_timeout.2048"/>
      <property id="config.bsp.fsp.OFS0.iwdt_divisor" value="config.bsp.fsp.OFS0.iwdt_divisor.128"/>
      <property id="config.bsp.fsp.OFS0.iwdt_window_end" value="config.bsp.fsp.OFS0.iwdt_window_end.0"/>
      <property id="config.bsp.fsp.OFS0.iwdt_window_start" value="config.bsp.fsp.OFS0.iwdt_window_start.100"/>
      <property id="config.bsp.fsp.OFS0.iwdt_reset_interrupt" value="config.bsp.fsp.OFS0.iwdt_reset_interrupt.Reset"/>
      <property id="config.bsp.fsp.OFS0.iwdt_stop_control" value="config.bsp.fsp.OFS0.iwdt_stop_control.stops"/>
      <property id="config.bsp.fsp.OFS0.wdt_start_mode" value="config.bsp.fsp.OFS0.wdt_start_mode.register"/>
      <property id="config.bsp.fsp.OFS0.wdt_timeout" value="config.bsp.fsp.OFS0.wdt_timeout.16384"/>
      <property id="config.bsp.fsp.OFS0.wdt_divisor" value="config.bsp.fsp.OFS0.wdt_divisor.128"/>
      <property id="config.bsp.fsp.OFS0.wdt_window_end" value="config.bsp.fsp.OFS0.wdt_window_end.0"/>
      <property id="config.bsp.fsp.OFS0.wdt_window_start" value="config.bsp.fsp.OFS0.wdt_window_start.100"/>
      <property id="config.bsp.fsp.OFS0.wdt_reset_interrupt" value="config.bsp.fsp.OFS0.wdt_reset_interrupt.Reset"/>
      <property id="config.bsp.fsp.OFS0.wdt_stop_control" value="config.bsp.fsp.OFS0.wdt_stop_control.stops"/>
      <property id="config.bsp.fsp.OFS1_SEL.voltage_detection0_level" value="config.bsp.fsp.OFS1_SEL.voltage_detection0_level.secure"/>
      <property id="config.bsp.fsp.OFS1_SEL.voltage_detection0.start" value="config.bsp.fsp.OFS1_SEL.voltage_detection0.start.secure"/>
      <property id="config.bsp.fsp.OFS1.voltage_detection0.start" value="config.bsp.fsp.OFS1.voltage_detection0.start.disabled"/>
      <property id="config.bsp.fsp.OFS1.voltage_detection0_level" value="config.bsp.fsp.OFS1.voltage_detection0_level.280"/>
      <property id="config.bsp.fsp.OFS1.hoco_osc" value="config.bsp.fsp.OFS1.hoco_osc.disabled"/>
      <property id="config.bsp.fsp.BPS.BPS0" value=""/>
      <property id="config.bsp.fsp.BPS.BPS1" value=""/>
      <property id="config.bsp.fsp.BPS.BPS2" value=""/>
      <property id="config.bsp.fsp.PBPS.PBPS0" value=""/>
      <property id="config.bsp.fsp.PBPS.PBPS1" value=""/>
      <property id="config.bsp.fsp.PBPS.PBPS2" value=""/>
      <property id="config.bsp.fsp.dual_bank" value="config.bsp.fsp.dual_bank.disabled"/>
      <property id="config.bsp.fsp.hoco_fll" value="config.bsp.fsp.hoco_fll.disabled"/>
      <property id="config.bsp.common.main_osc_wait" value="config.bsp.common.main_osc_wait.wait_8163"/>
      <property id="config.bsp.fsp.mcu.adc.max_freq_hz" value="50000000"/>
      <property id="config.bsp.fsp.mcu.sci_uart.max_baud" value="20000000"/>
      <property id="config.bsp.fsp.mcu.adc.sample_and_hold" value="0"/>
      <property id="config.bsp.fsp.mcu.sci_spi.max_bitrate" value="25000000"/>
      <property id="config.bsp.fsp.mcu.spi.max_bitrate" value="50000000"/>
      <property id="config.bsp.fsp.mcu.iic_master.rate.rate_fastplus" value="1"/>
      <property id="config.bsp.fsp.mcu.iic_master.fastplus_channels" value="0x1"/>
      <property id="config.bsp.fsp.mcu.iic_slave.rate.rate_fastplus" value="1"/>
      <property id="config.bsp.fsp.mcu.iic_slave.fastplus_channels" value="0x1"/>
      <property id="config.bsp.fsp.mcu.sci_uart.cstpen_channels" value="0x03F9"/>
      <property id="config.bsp.fsp.mcu.gpt.pin_count_source_channels" value="0xFFFF"/>
      <property id="config.bsp.fsp.mcu.adc_dmac.samples_per_channel" value="32767"/>
    </config>
    <config id="config.bsp.ra">
      <property id="config.bsp.common.main" value="0x1000"/>
      <property id="config.bsp.common.heap" value="0x1000"/>
      <property id="config.bsp.common.vcc" value="3300"/>
      <property id="config.bsp.common.checking" value="config.bsp.common.checking.disabled"/>
      <property id="config.bsp.common.assert" value="config.bsp.common.assert.none"/>
      <property id="config.bsp.common.error_log" value="config.bsp.common.error_log.none"/>
      <property id="config.bsp.common.soft_reset" value="config.bsp.common.soft_reset.disabled"/>
      <property id="config.bsp.common.main_osc_populated" value="config.bsp.common.main_osc_populated.enabled"/>
      <property id="config.bsp.common.pfs_protect" value="config.bsp.common.pfs_protect.enabled"/>
      <property id="config.bsp.common.c_runtime_init" value="config.bsp.common.c_runtime_init.enabled"/>
      <property id="config.bsp.common.early_init" value="config.bsp.common.early_init.disabled"/>
      <property id="config.bsp.common.main_osc_clock_source" value="config.bsp.common.main_osc_clock_source.crystal"/>
      <property id="config.bsp.common.subclock_populated" value="config.bsp.common.subclock_populated.enabled"/>
      <property id="config.bsp.common.subclock_drive" value="config.bsp.common.subclock_drive.standard"/>
      <property id="config.bsp.common.subclock_stabilization_ms" value="1000"/>
    </config>
  </raBspConfiguration>
  <raClockConfiguration>
    <node id="board.clock.xtal.freq" mul="24000000" option="_edit"/>
    <node id="board.clock.hoco.freq" option="board.clock.hoco.freq.20m"/>
    <node id="board.clock.loco.freq" option="board.clock.loco.freq.32768"/>
    <node id="board.clock.moco.freq" option="board.clock.moco.freq.8m"/>
    <node id="board.clock.subclk.freq" option="board.clock.subclk.freq.32768"/>
    <node id="board.clock.pll.source" option="board.clock.pll.source.xtal"/>
    <node id="board.clock.pll.div" option="board.clock.pll.div.3"/>
    <node id="board.clock.pll.mul" option="board.clock.pll.mul.250"/>
    <node id="board.clock.pll.display" option="board.clock.pll.display.value"/>
    <node id="board.clock.pll2.source" option="board.clock.pll2.source.disabled"/>
    <node id="board.clock.pll2.div" option="board.clock.pll2.div.2"/>
    <node id="board.clock.pll2.mul" option="board.clock.pll2.mul.200"/>
    <node id="board.clock.pll2.display" option="board.clock.pll2.display.value"/>
    <node id="board.clock.clock.source" option="board.clock.clock.source.pll"/>
    <node id="board.clock.clkout.source" option="board.clock.clkout.source.disabled"/>
    <node id="board.clock.uclk.source" option="board.clock.uclk.source.disabled"/>
    <node id="board.clock.octaspiclk.source" option="board.clock.octaspiclk.source.disabled"/>
    <node id="board.clock.iclk.div" option="board.clock.iclk.div.1"/>
    <node id="board.clock.pclka.div" option="board.clock.pclka.div.2"/>
    <node id="board.clock.pclkb.div" option="board.clock.pclkb.div.4"/>
    <node id="board.clock.pclkc.div" option="board.clock.pclkc.div.4"/>
    <node id="board.clock.pclkd.div" option="board.clock.pclkd.div.2"/>
    <node id="board.clock.bclk.div" option="board.clock.bclk.div.2"/>
    <node id="board.clock.bclkout.div" option="board.clock.bclkout.div.2"/>
    <node id="board.clock.fclk.div" option="board.clock.fclk.div.4"/>
    <node id="board.clock.clkout.div" option="board.clock.clkout.div.1"/>
    <node id="board.clock.uclk.div" option="board.clock.uclk.div.5"/>
    <node id="board.clock.octaspiclk.div" option="board.clock.octaspiclk.div.1"/>
    <node id="board.clock.iclk.display" option="board.clock.iclk.display.value"/>
    <node id="board.clock.pclka.display" option="board.clock.pclka.display.value"/>
    <node id="board.clock.pclkb.display" option="board.clock.pclkb.display.value"/>
    <node id="board.clock.pclkc.display" option="board.clock.pclkc.display.value"/>
    <node id="board.clock.pclkd.display" option="board.clock.pclkd.display.value"/>
    <node id="board.clock.bclk.display" option="board.clock.bclk.display.value"/>
    <node id="board.clock.bclkout.display" option="board.clock.bclkout.display.value"/>
    <node id="board.clock.fclk.display" option="board.clock.fclk.display.value"/>
    <node id="board.clock.clkout.display" option="board.clock.clkout.display.value"/>
    <node id="board.clock.uclk.display" option="board.clock.uclk.display.value"/>
    <node id="board.clock.octaspiclk.display" option="board.clock.octaspiclk.display.value"/>
  </raClockConfiguration>
  <raComponentSelection>
    <component apiversion="" class="BSP" condition="" group="ra6m4" subgroup="device" variant="R7FA6M4AF3CFB" vendor="Renesas" version="5.5.0">
      <description>Board support package for R7FA6M4AF3CFB</description>
      <originalPack>Renesas.RA_mcu_ra6m4.5.5.0.pack</originalPack>
    </component>
    <component apiversion="" class="BSP" condition="" group="ra6m4" subgroup="device" variant="" vendor="Renesas" version="5.5.0">
      <description>Board support package for RA6M4</description>
      <originalPack>Renesas.RA_mcu_ra6m4.5.5.0.pack</originalPack>
    </component>
    <component apiversion="" class="BSP" condition="" group="ra6m4" subgroup="fsp" variant="" vendor="Renesas" version="5.5.0">
      <description>Board support package for RA6M4 - FSP Data</description>
      <originalPack>Renesas.RA_mcu_ra6m4.5.5.0.pack</originalPack>
    </component>
    <component apiversion="" class="BSP" condition="" group="ra6m4" subgroup="events" variant="" vendor="Renesas" version="5.5.0">
      <description>Board support package for RA6M4 - Events</description>
      <originalPack>Renesas.RA_mcu_ra6m4.5.5.0.pack</originalPack>
    </component>
    <component apiversion="" class="boot" condition="" group="all" subgroup="MCUboot" variant="" vendor="Linaro" version="2.1.0+renesas.0.fsp.5.5.0">
      <description>MCUboot</description>
      <originalPack>Linaro.MCUboot.2.1.0+renesas.0.fsp.5.5.0.pack</originalPack>
    </component>
    <component apiversion="" class="boot" condition="" group="all" subgroup="keys" variant="" vendor="Linaro" version="2.1.0+renesas.0.fsp.5.5.0">
      <description>MCUboot Example Keys</description>
      <originalPack>Linaro.MCUboot.2.1.0+renesas.0.fsp.5.5.0.pack</originalPack>
    </component>
    <component apiversion="" class="BSP" condition="" group="Board" subgroup="ra6m4_ek" variant="" vendor="Renesas" version="5.5.0">
      <description>RA6M4-EK Board Support Files</description>
      <originalPack>Renesas.RA_board_ra6m4_ek.5.5.0.pack</originalPack>
    </component>
    <component apiversion="" class="PSA" condition="" group="Crypto" subgroup="mbedCrypto" variant="" vendor="Arm" version="3.6.0+renesas.1.fsp.5.5.0">
      <description>Arm PSA Crypto Implementation</description>
      <originalPack>Arm.MbedCrypto.3.6.0+renesas.1.fsp.5.5.0.pack</originalPack>
    </component>
    <component apiversion="" class="Common" condition="" group="all" subgroup="fsp_common" variant="" vendor="Renesas" version="5.5.0">
      <description>Board Support Package Common Files</description>
      <originalPack>Renesas.RA.5.5.0.pack</originalPack>
    </component>
    <component apiversion="" class="HAL Drivers" condition="" group="all" subgroup="r_flash_hp" variant="" vendor="Renesas" version="5.5.0">
      <description>Flash Memory High Performance</description>
      <originalPack>Renesas.RA.5.5.0.pack</originalPack>
    </component>
    <component apiversion="" class="HAL Drivers" condition="" group="all" subgroup="r_ioport" variant="" vendor="Renesas" version="5.5.0">
      <description>I/O Port</description>
      <originalPack>Renesas.RA.5.5.0.pack</originalPack>
    </component>
    <component apiversion="" class="HAL Drivers" condition="" group="all" subgroup="r_sce9_ra6_plaintext" variant="" vendor="Renesas" version="5.5.0">
      <description>Secure Cryptography Engine on RA6 (SCE9) Compatibility Mode</description>
      <originalPack>Renesas.RA.5.5.0.pack</originalPack>
    </component>
    <component apiversion="" class="Middleware" condition="" group="all" subgroup="rm_mcuboot_port" variant="" vendor="Renesas" version="5.5.0">
      <description>MCUboot Port for RA</description>
      <originalPack>Renesas.RA.5.5.0.pack</originalPack>
    </component>
    <component apiversion="" class="HAL Drivers" condition="" group="all" subgroup="rm_psa_crypto" variant="" vendor="Renesas" version="5.5.0">
      <description>MbedCrypto H/W Acceleration</description>
      <originalPack>Renesas.RA.5.5.0.pack</originalPack>
    </component>
    <component apiversion="" class="CMSIS" condition="" group="CMSIS5" subgroup="CoreM" variant="" vendor="Arm" version="6.1.0+fsp.5.5.0">
      <description>Arm CMSIS Version 6 - Core (M)</description>
      <originalPack>Arm.CMSIS6.6.1.0+fsp.5.5.0.pack</originalPack>
    </component>
    <component apiversion="" class="HAL Drivers" condition="" group="all" subgroup="r_qspi" variant="" vendor="Renesas" version="5.5.0">
      <description>Quad Serial Peripheral Interface Flash</description>
      <originalPack>Renesas.RA.5.5.0.pack</originalPack>
    </component>
    <component apiversion="" class="Middleware" condition="" group="all" subgroup="rm_mcuboot_external_memory_qspi" variant="" vendor="Renesas" version="5.5.0">
      <description>MCUboot External Memory (QSPI)</description>
      <originalPack>Renesas.RA.5.5.0.pack</originalPack>
    </component>
  </raComponentSelection>
  <raElcConfiguration/>
  <raIcuConfiguration/>
  <raModuleConfiguration>
    <module id="module.driver.ioport_on_ioport.0">
      <property id="module.driver.ioport.name" value="g_ioport"/>
      <property id="module.driver.ioport.elc_trigger_ioport1" value="_disabled"/>
      <property id="module.driver.ioport.elc_trigger_ioport2" value="_disabled"/>
      <property id="module.driver.ioport.elc_trigger_ioport3" value="_disabled"/>
      <property id="module.driver.ioport.elc_trigger_ioport4" value="_disabled"/>
      <property id="module.driver.ioport.pincfg" value="g_bsp_pin_cfg"/>
    </module>
    <module id="module.middleware.mcuboot.596876951"/>
    <module id="module.driver.rm_mcuboot_port.317456747"/>
    <module id="module.middleware.mcuboot_logging.1299431884"/>
    <module id="module.driver.psa_crypto.1057171390"/>
    <module id="module.driver.rm_psa_crypto.1705684014"/>
    <module id="module.driver.sce9.plaintext.71872685"/>
    <module id="module.driver.flash_on_flash_hp.300814256">
      <property id="module.driver.flash.name" value="g_flash0"/>
      <property id="module.driver.flash.data_flash_bgo" value="module.driver.flash.data_flash_bgo.disabled"/>
      <property id="module.driver.flash.p_callback" value="NULL"/>
      <property id="module.driver.flash.ipl" value="_disabled"/>
      <property id="module.driver.flash.err_ipl" value="_disabled"/>
    </module>
    <module id="module.middleware.mcuboot_keys.1626160375"/>
    <module id="module.driver.rm_mcuboot_external_memory_interface_qspi.858751625"/>
    <module id="module.driver.qspi_on_qspi.1303221716">
      <property id="module.driver.qspi.name" value="g_qspi0"/>
      <property id="module.driver.qspi.spi_protocol" value="module.driver.qspi.spi_protocol.protocol_extended_spi"/>
      <property id="module.driver.qspi.address_bytes" value="module.driver.qspi.address_bytes.address_bytes_3"/>
      <property id="module.driver.qspi.read_mode" value="module.driver.qspi.read_mode.read_mode_fast_read_quad_io"/>
      <property id="module.driver.qspi.dummy_clocks" value="module.driver.qspi.dummy_clocks.dummy_clocks_default"/>
      <property id="module.driver.qspi.page_size_bytes" value="256"/>
      <property id="module.driver.qspi.page_program_command" value="0x02"/>
      <property id="module.driver.qspi.page_program_address_lines" value="module.driver.qspi.page_program_address_lines.data_lines_1"/>
      <property id="module.driver.qspi.write_enable_command" value="0x06"/>
      <property id="module.driver.qspi.status_command" value="0x05"/>
      <property id="module.driver.qspi.write_status_bit" value="0"/>
      <property id="module.driver.qspi.sector_erase_command" value="0x20"/>
      <property id="module.driver.qspi.sector_erase_size" value="4096"/>
      <property id="module.driver.qspi.block_erase_command" value="0xD8"/>
      <property id="module.driver.qspi.block_erase_size" value="65536"/>
      <property id="module.driver.qspi.block_erase_32kb_command" value="0x52"/>
      <property id="module.driver.qspi.block_erase_32kb_size" value="32768"/>
      <property id="module.driver.qspi.chip_erase_command" value="0xC7"/>
      <property id="module.driver.qspi.xip_enter_command" value="0x20"/>
      <property id="module.driver.qspi.xip_exit_command" value="0xFF"/>
      <property id="module.driver.qspi.qspclk_div" value="module.driver.qspi.qspclk_div.qspclk_div_2"/>
      <property id="module.driver.qspi.min_qssl_deselect_cycles" value="module.driver.qspi.min_qssl_deselect_cycles.qssl_min_high_level_8_qspclk"/>
    </module>
    <context id="_hal.0">
      <stack module="module.driver.ioport_on_ioport.0"/>
      <stack module="module.middleware.mcuboot.596876951">
        <stack module="module.driver.rm_mcuboot_port.317456747" requires="module.middleware.mcuboot.requires.rm_mcuboot_port">
          <stack module="module.driver.psa_crypto.1057171390" requires="module.driver.rm_mcuboot_port.requires.crypto">
            <stack module="module.driver.rm_psa_crypto.1705684014" requires="module.driver.rm_psa_crypto">
              <stack module="module.driver.sce9.plaintext.71872685" requires="module.driver.rm_psa_crypto.requires.sce"/>
            </stack>
          </stack>
          <stack module="module.driver.flash_on_flash_hp.300814256" requires="module.driver.rm_mcuboot_port.requires.flash"/>
          <stack module="module.driver.rm_mcuboot_external_memory_interface_qspi.858751625" requires="module.driver.rm_mcuboot_port.requires.external_memory_interface">
            <stack module="module.driver.qspi_on_qspi.1303221716" requires="module.driver.rm_mcuboot_external_memory_interface_qspi.requires.qspi"/>
          </stack>
        </stack>
        <stack module="module.middleware.mcuboot_logging.1299431884" requires="module.middleware.mcuboot.requires.mcuboot_logging"/>
        <stack module="module.middleware.mcuboot_keys.1626160375" requires="module.middleware.mcuboot.requires.mcuboot_keys"/>
      </stack>
    </context>
    <config id="config.driver.flash_hp">
      <property id="config.driver.flash_hp.param_checking_enable" value="config.flash_hp.param_checking_enable.bsp"/>
      <property id="config.driver.flash_hp.param_code_flash_programming_enable" value="config.driver.flash_hp.param_code_flash_programming_enable.enabled"/>
      <property id="config.driver.flash_hp.param_data_flash_programming_enable" value="config.driver.flash_hp.param_data_flash_programming_enable.disabled"/>
    </config>
    <config id="config.middleware.mcuboot_port"/>
    <config id="config.middleware.mcuboot">
      <property id="config.middleware.mcuboot.custom_mcuboot_config" value=""/>
      <property id="config.middleware.mcuboot.signature" value="config.middleware.mcuboot.signature.ecdsap256"/>
      <property id="config.middleware.mcuboot.upgrade_mode" value="config.middleware.mcuboot.upgrade_mode.swap"/>
      <property id="config.middleware.mcuboot.validate_primary" value="config.middleware.mcuboot.validate_primary.enabled"/>
      <property id="config.middleware.mcuboot.downgrade_prevention" value="config.middleware.mcuboot.downgrade_prevention.disabled"/>
      <property id="config.middleware.mcuboot.image_number" value="config.middleware.mcuboot.image_number.1"/>
      <property id="config.middleware.mcuboot.watchdog_feed" value=""/>
      <property id="config.middleware.mcuboot.flash_area_bootloader_size" value="0x18000"/>
      <property id="config.middleware.mcuboot.flash_area_bootloader_header_size" value="0x200"/>
      <property id="config.middleware.mcuboot.flash_s_partition_size" value="0xE0000"/>
      <property id="config.middleware.mcuboot.scratch_partition_size" value="0x8000"/>
      <property id="config.middleware.mcuboot.measured_boot" value="config.middleware.mcuboot.measured_boot.disabled"/>
      <property id="config.middleware.mcuboot.data_sharing" value="config.middleware.mcuboot.data_sharing.disabled"/>
      <property id="config.middleware.mcuboot.flash_lp.dual_bank" value="enum.mcu.flash_lp.dual_bank.disabled"/>
      <property id="config.middleware.mcuboot.max_measured_boot_record" value="0x64"/>
      <property id="config.middleware.mcuboot.shared_data_size" value="0x380"/>
      <property id="config.middleware.mcuboot.shared_data_base" value="0x20000000"/>
      <property id="config.middleware.mcuboot.flash_nsc_partition_size" value="0x0"/>
      <property id="config.middleware.mcuboot.flash_ns_partition_size" value="0x0"/>
      <property id="config.middleware.mcuboot.ram_nsc_partition_size" value="0x0"/>
      <property id="config.middleware.mcuboot.ram_ns_partition_size" value="0x0"/>
      <property id="config.middleware.mcuboot.flash_area_bootloader_header_size_2" value="0x200"/>
      <property id="config.middleware.mcuboot.boot_record" value=""/>
      <property id="config.middleware.mcuboot.boot_record_image_2" value=""/>
      <property id="config.middleware.mcuboot.sign_custom" value=" --pad"/>
      <property id="config.middleware.mcuboot.sign_custom_image_2" value=" --confirm"/>
      <property id="config.middleware.mcuboot.python_command" value="python"/>
      <property id="config.middleware.mcuboot.encryption_key" value="config.middleware.mcuboot.encryption_key.ec256"/>
    </config>
    <config id="config.middleware.mcuboot_logging">
      <property id="config.middleware.mcuboot.mcuboot_logging" value="config.middleware.mcuboot.mcuboot_logging.off"/>
    </config>
    <config id="config.middleware.mcuboot_sysflash"/>
    <config id="config.driver.psa_crypto">
      <property id="config.driver.psa_crypto.mbedtls_entropy_hardware_alt" value="config.driver.psa_crypto.mbedtls_entropy_hardware_alt.enabled"/>
      <property id="config.driver.psa_crypto.aes_format" value="config.driver.psa_crypto.aes_format.vendor_plaintext_wrapped"/>
      <property id="config.driver.psa_crypto.ecc_format" value="config.driver.psa_crypto.ecc_format.vendor_plaintext_wrapped"/>
      <property id="config.driver.psa_crypto.rsa_format" value="config.driver.psa_crypto.rsa_format.vendor_plaintext_wrapped"/>
      <property id="config.driver.psa_crypto.sha256_alt" value="config.driver.psa_crypto.sha256_alt.enabled"/>
      <property id="config.driver.psa_crypto.sha512_alt" value="config.driver.psa_crypto.sha512_alt.disabled"/>
      <property id="config.driver.psa_crypto.aes_alt" value="config.driver.psa_crypto.aes_alt.enabled"/>
      <property id="config.driver.psa_crypto.mbedtls_ecp_alt" value="config.driver.psa_crypto.ecp_alt.enabled"/>
      <property id="config.driver.psa_crypto.mbedtls_ecdsa_alt" value="config.driver.psa_crypto.ecdsa_alt.enabled"/>
      <property id="config.driver.psa_crypto.mbedtls_ecdh_alt" value="config.driver.psa_crypto.ecdh_alt.enabled"/>
      <property id="config.driver.psa_crypto.mbedtls_rsa_alt" value="config.driver.psa_crypto.rsa_alt.enabled"/>
      <property id="config.driver.psa_crypto.mbedtls_rsa_3072_keygen" value="config.driver.psa_crypto.rsa_3072_keygen.disabled"/>
      <property id="config.driver.psa_crypto.mbedtls_rsa_3072_signing" value="config.driver.psa_crypto.rsa_3072_signing.disabled"/>
      <property id="config.driver.psa_crypto.mbedtls_rsa_3072" value="config.driver.psa_crypto.rsa_3072.disabled"/>
      <property id="config.driver.psa_crypto.mbedtls_rsa_4096_keygen" value="config.driver.psa_crypto.rsa_4096_keygen.disabled"/>
      <property id="config.driver.psa_crypto.mbedtls_rsa_4096_signing" value="config.driver.psa_crypto.rsa_4096_signing.disabled"/>
      <property id="config.driver.psa_crypto.mbedtls_rsa_4096" value="config.driver.psa_crypto.rsa_4096.disabled"/>
      <property id="config.driver.psa_crypto.mbedtls_platform_setup_teardown_alt" value="config.driver.psa_crypto.mbedtls_platform_setup_teardown_alt.enabled"/>
      <property id="config.driver.psa_crypto.mbedtls_have_asm" value="config.driver.psa_crypto.mbedtls_have_asm.disabled"/>
      <property id="config.driver.psa_crypto.mbedtls_no_udbl_division" value="config.driver.psa_crypto.mbedtls_no_udbl_division.disabled"/>
      <property id="config.driver.psa_crypto.mbedtls_no_64bit_multiplication" value="config.driver.psa_crypto.mbedtls_no_64bit_multiplication.disabled"/>
      <property id="config.driver.psa_crypto.mbedtls_have_sse2" value="config.driver.psa_crypto.mbedtls_have_sse2.disabled"/>
      <property id="config.driver.psa_crypto.mbedtls_have_time" value="config.driver.psa_crypto.mbedtls_have_time.disabled"/>
      <property id="config.driver.psa_crypto.mbedtls_have_time_date" value="config.driver.psa_crypto.mbedtls_have_time_date.disabled"/>
      <property id="config.driver.psa_crypto.mbedtls_platform_memory" value="config.driver.psa_crypto.mbedtls_platform_memory.enabled"/>
      <property id="config.driver.psa_crypto.mbedtls_platform_no_std_functions" value="config.driver.psa_crypto.mbedtls_platform_no_std_functions.disabled"/>
      <property id="config.driver.psa_crypto.mbedtls_platform_setbuf_alt" value="config.driver.psa_crypto.mbedtls_platform_setbuf_alt.disabled"/>
      <property id="config.driver.psa_crypto.mbedtls_platform_exit_alt" value="config.driver.psa_crypto.mbedtls_platform_exit_alt.disabled"/>
      <property id="config.driver.psa_crypto.mbedtls_platform_time_alt" value="config.driver.psa_crypto.mbedtls_platform_time_alt.disabled"/>
      <property id="config.driver.psa_crypto.mbedtls_platform_fprintf_alt" value="config.driver.psa_crypto.mbedtls_platform_fprintf_alt.disabled"/>
      <property id="config.driver.psa_crypto.mbedtls_platform_printf_alt" value="config.driver.psa_crypto.mbedtls_platform_printf_alt.disabled"/>
      <property id="config.driver.psa_crypto.mbedtls_platform_snprintf_alt" value="config.driver.psa_crypto.mbedtls_platform_snprintf_alt.disabled"/>
      <property id="config.driver.psa_crypto.mbedtls_platform_vsnprintf_alt" value="config.driver.psa_crypto.mbedtls_platform_vsnprintf_alt.disabled"/>
      <property id="config.driver.psa_crypto.mbedtls_platform_nv_seed_alt" value="config.driver.psa_crypto.mbedtls_platform_nv_seed_alt.disabled"/>
      <property id="config.driver.psa_crypto.mbedtls_platform_ms_time_alt" value="config.driver.psa_crypto.mbedtls_platform_ms_time_alt.disabled"/>
      <property id="config.driver.psa_crypto.mbedtls_psa_crypto_drivers" value="config.driver.psa_crypto.mbedtls_psa_crypto_drivers.disabled"/>
      <property id="config.driver.psa_crypto.mbedtls_deprecated_warning" value="config.driver.psa_crypto.mbedtls_deprecated_warning.disabled"/>
      <property id="config.driver.psa_crypto.mbedtls_deprecated_removed" value="config.driver.psa_crypto.mbedtls_deprecated_removed.enabled"/>
      <property id="config.driver.psa_crypto.mbedtls_timing_alt" value="config.driver.psa_crypto.mbedtls_timing_alt.disabled"/>
      <property id="config.driver.psa_crypto.mbedtls_aria_alt" value="config.driver.psa_crypto.mbedtls_aria_alt.disabled"/>
      <property id="config.driver.psa_crypto.mbedtls_camellia_alt" value="config.driver.psa_crypto.mbedtls_camellia_alt.disabled"/>
      <property id="config.driver.psa_crypto.mbedtls_ccm_alt" value="config.driver.psa_crypto.aes_ccm_alt.enabled"/>
      <property id="config.driver.psa_crypto.mbedtls_chacha20_alt" value="config.driver.psa_crypto.mbedtls_chacha20_alt.disabled"/>
      <property id="config.driver.psa_crypto.mbedtls_chachapoly_alt" value="config.driver.psa_crypto.mbedtls_chachapoly_alt.disabled"/>
      <property id="config.driver.psa_crypto.mbedtls_cmac_alt" value="config.driver.psa_crypto.mbedtls_cmac_alt.disabled"/>
      <property id="config.driver.psa_crypto.mbedtls_des_alt" value="config.driver.psa_crypto.mbedtls_des_alt.disabled"/>
      <property id="config.driver.psa_crypto.mbedtls_dhm_alt" value="config.driver.psa_crypto.mbedtls_dhm_alt.disabled"/>
      <property id="config.driver.psa_crypto.mbedtls_ecjpake_alt" value="config.driver.psa_crypto.mbedtls_ecjpake_alt.disabled"/>
      <property id="config.driver.psa_crypto.mbedtls_gcm_alt" value="config.driver.psa_crypto.aes_gcm_alt.enabled"/>
      <property id="config.driver.psa_crypto.mbedtls_nist_kw_alt" value="config.driver.psa_crypto.mbedtls_nist_kw_alt.disabled"/>
      <property id="config.driver.psa_crypto.mbedtls_md5_alt" value="config.driver.psa_crypto.mbedtls_md5_alt.disabled"/>
      <property id="config.driver.psa_crypto.mbedtls_poly1305_alt" value="config.driver.psa_crypto.mbedtls_poly1305_alt.disabled"/>
      <property id="config.driver.psa_crypto.mbedtls_ripemd160_alt" value="config.driver.psa_crypto.mbedtls_ripemd160_alt.disabled"/>
      <property id="config.driver.psa_crypto.mbedtls_sha1_alt" value="config.driver.psa_crypto.mbedtls_sha1_alt.disabled"/>
      <property id="config.driver.psa_crypto.mbedtls_md5_process_alt" value="config.driver.psa_crypto.mbedtls_md5_process_alt.disabled"/>
      <property id="config.driver.psa_crypto.mbedtls_ripemd160_process_alt" value="config.driver.psa_crypto.mbedtls_ripemd160_process_alt.disabled"/>
      <property id="config.driver.psa_crypto.mbedtls_sha1_process_alt" value="config.driver.psa_crypto.mbedtls_sha1_process_alt.disabled"/>
      <property id="config.driver.psa_crypto.mbedtls_des_setkey_alt" value="config.driver.psa_crypto.mbedtls_des_setkey_alt.disabled"/>
      <property id="config.driver.psa_crypto.mbedtls_des_crypt_ecb_alt" value="config.driver.psa_crypto.mbedtls_des_crypt_ecb_alt.disabled"/>
      <property id="config.driver.psa_crypto.mbedtls_des3_crypt_ecb_alt" value="config.driver.psa_crypto.mbedtls_des3_crypt_ecb_alt.disabled"/>
      <property id="config.driver.psa_crypto.mbedtls_ecdh_gen_public_alt" value="config.driver.psa_crypto.mbedtls_ecdh_gen_public_alt.disabled"/>
      <property id="config.driver.psa_crypto.mbedtls_ecdh_compute_shared_alt" value="config.driver.psa_crypto.mbedtls_ecdh_compute_shared_alt.disabled"/>
      <property id="config.driver.psa_crypto.mbedtls_ecdsa_genkey_alt" value="config.driver.psa_crypto.mbedtls_ecdsa_genkey_alt.disabled"/>
      <property id="config.driver.psa_crypto.mbedtls_ecp_internal_alt" value="config.driver.psa_crypto.mbedtls_ecp_internal_alt.disabled"/>
      <property id="config.driver.psa_crypto.mbedtls_ecp_no_fallback" value="config.driver.psa_crypto.mbedtls_ecp_no_fallback.disabled"/>
      <property id="config.driver.psa_crypto.mbedtls_ecp_randomize_jac_alt" value="config.driver.psa_crypto.mbedtls_ecp_randomize_jac_alt.disabled"/>
      <property id="config.driver.psa_crypto.mbedtls_ecp_add_mixed_alt" value="config.driver.psa_crypto.mbedtls_ecp_add_mixed_alt.disabled"/>
      <property id="config.driver.psa_crypto.mbedtls_ecp_double_jac_alt" value="config.driver.psa_crypto.mbedtls_ecp_double_jac_alt.disabled"/>
      <property id="config.driver.psa_crypto.mbedtls_ecp_normalize_jac_many_alt" value="config.driver.psa_crypto.mbedtls_ecp_normalize_jac_many_alt.disabled"/>
      <property id="config.driver.psa_crypto.mbedtls_ecp_normalize_jac_alt" value="config.driver.psa_crypto.mbedtls_ecp_normalize_jac_alt.disabled"/>
      <property id="config.driver.psa_crypto.mbedtls_ecp_double_add_mxz_alt" value="config.driver.psa_crypto.mbedtls_ecp_double_add_mxz_alt.disabled"/>
      <property id="config.driver.psa_crypto.mbedtls_ecp_randomize_mxz_alt" value="config.driver.psa_crypto.mbedtls_ecp_randomize_mxz_alt.disabled"/>
      <property id="config.driver.psa_crypto.mbedtls_ecp_normalize_mxz_alt" value="config.driver.psa_crypto.mbedtls_ecp_normalize_mxz_alt.disabled"/>
      <property id="config.driver.psa_crypto.mbedtls_aes_rom_tables" value="config.driver.psa_crypto.mbedtls_aes_rom_tables.disabled"/>
      <property id="config.driver.psa_crypto.mbedtls_aes_fewer_tables" value="config.driver.psa_crypto.mbedtls_aes_fewer_tables.disabled"/>
      <property id="config.driver.psa_crypto.mbedtls_aes_only_128_bit_key_length" value="config.driver.psa_crypto.mbedtls_aes_only_128_bit_key_length.disabled"/>
      <property id="config.driver.psa_crypto.mbedtls_camellia_small_memory" value="config.driver.psa_crypto.mbedtls_camellia_small_memory.disabled"/>
      <property id="config.driver.psa_crypto.mbedtls_check_return_warning" value="config.driver.psa_crypto.mbedtls_check_return_warning.disabled"/>
      <property id="config.driver.psa_crypto.mbedtls_cipher_mode_cbc" value="config.driver.psa_crypto.mbedtls_cipher_mode_cbc.enabled"/>
      <property id="config.driver.psa_crypto.mbedtls_cipher_mode_cfb" value="config.driver.psa_crypto.mbedtls_cipher_mode_cfb.enabled"/>
      <property id="config.driver.psa_crypto.mbedtls_cipher_mode_ctr" value="config.driver.psa_crypto.mbedtls_cipher_mode_ctr.enabled"/>
      <property id="config.driver.psa_crypto.mbedtls_cipher_mode_ofb" value="config.driver.psa_crypto.mbedtls_cipher_mode_ofb.disabled"/>
      <property id="config.driver.psa_crypto.mbedtls_cipher_mode_xts" value="config.driver.psa_crypto.mbedtls_cipher_mode_xts.disabled"/>
      <property id="config.driver.psa_crypto.mbedtls_cipher_null_cipher" value="config.driver.psa_crypto.mbedtls_cipher_null_cipher.disabled"/>
      <property id="config.driver.psa_crypto.mbedtls_cipher_padding_pkcs7" value="config.driver.psa_crypto.mbedtls_cipher_padding_pkcs7.enabled"/>
      <property id="config.driver.psa_crypto.mbedtls_cipher_padding_one_and_zeros" value="config.driver.psa_crypto.mbedtls_cipher_padding_one_and_zeros.enabled"/>
      <property id="config.driver.psa_crypto.mbedtls_cipher_padding_zeros_and_len" value="config.driver.psa_crypto.mbedtls_cipher_padding_zeros_and_len.enabled"/>
      <property id="config.driver.psa_crypto.mbedtls_cipher_padding_zeros" value="config.driver.psa_crypto.mbedtls_cipher_padding_zeros.enabled"/>
      <property id="config.driver.psa_crypto.mbedtls_ecp_dp_secp192r1_enabled" value="config.driver.psa_crypto.mbedtls_ecp_dp_secp192r1_enabled.disabled"/>
      <property id="config.driver.psa_crypto.mbedtls_ecp_dp_secp224r1_enabled" value="config.driver.psa_crypto.mbedtls_ecp_dp_secp224r1_enabled.disabled"/>
      <property id="config.driver.psa_crypto.mbedtls_ecp_dp_secp256r1_enabled" value="config.driver.psa_crypto.mbedtls_ecp_dp_secp256r1_enabled.enabled"/>
      <property id="config.driver.psa_crypto.mbedtls_ecp_dp_secp384r1_enabled" value="config.driver.psa_crypto.mbedtls_ecp_dp_secp384r1_enabled.disabled"/>
      <property id="config.driver.psa_crypto.mbedtls_ecp_dp_secp521r1_enabled" value="config.driver.psa_crypto.mbedtls_ecp_dp_secp521r1_enabled.disabled"/>
      <property id="config.driver.psa_crypto.mbedtls_ecp_dp_secp192k1_enabled" value="config.driver.psa_crypto.mbedtls_ecp_dp_secp192k1_enabled.disabled"/>
      <property id="config.driver.psa_crypto.mbedtls_ecp_dp_secp224k1_enabled" value="config.driver.psa_crypto.mbedtls_ecp_dp_secp224k1_enabled.disabled"/>
      <property id="config.driver.psa_crypto.mbedtls_ecp_dp_secp256k1_enabled" value="config.driver.psa_crypto.mbedtls_ecp_dp_secp256k1_enabled.disabled"/>
      <property id="config.driver.psa_crypto.mbedtls_ecp_dp_bp256r1_enabled" value="config.driver.psa_crypto.mbedtls_ecp_dp_bp256r1_enabled.disabled"/>
      <property id="config.driver.psa_crypto.mbedtls_ecp_dp_bp384r1_enabled" value="config.driver.psa_crypto.mbedtls_ecp_dp_bp384r1_enabled.disabled"/>
      <property id="config.driver.psa_crypto.mbedtls_ecp_dp_bp512r1_enabled" value="config.driver.psa_crypto.mbedtls_ecp_dp_bp512r1_enabled.disabled"/>
      <property id="config.driver.psa_crypto.mbedtls_ecp_dp_curve25519_enabled" value="config.driver.psa_crypto.mbedtls_ecp_dp_curve25519_enabled.disabled"/>
      <property id="config.driver.psa_crypto.mbedtls_ecp_dp_curve448_enabled" value="config.driver.psa_crypto.mbedtls_ecp_dp_curve448_enabled.disabled"/>
      <property id="config.driver.psa_crypto.mbedtls_ecp_nist_optim" value="config.driver.psa_crypto.mbedtls_ecp_nist_optim.disabled"/>
      <property id="config.driver.psa_crypto.mbedtls_ecp_restartable" value="config.driver.psa_crypto.mbedtls_ecp_restartable.disabled"/>
      <property id="config.driver.psa_crypto.mbedtls_ecdsa_deterministic" value="config.driver.psa_crypto.mbedtls_ecdsa_deterministic.disabled"/>
      <property id="config.driver.psa_crypto.mbedtls_pk_parse_ec_compressed" value="config.driver.psa_crypto.mbedtls_pk_parse_ec_compressed.disabled"/>
      <property id="config.driver.psa_crypto.mbedtls_pk_parse_ec_extended" value="config.driver.psa_crypto.mbedtls_pk_parse_ec_extended.disabled"/>
      <property id="config.driver.psa_crypto.mbedtls_error_strerror_dummy" value="config.driver.psa_crypto.mbedtls_error_strerror_dummy.enabled"/>
      <property id="config.driver.psa_crypto.mbedtls_genprime" value="config.driver.psa_crypto.mbedtls_genprime.enabled"/>
      <property id="config.driver.psa_crypto.mbedtls_fs_io" value="config.driver.psa_crypto.mbedtls_fs_io.disabled"/>
      <property id="config.driver.psa_crypto.mbedtls_no_default_entropy_sources" value="config.driver.psa_crypto.mbedtls_no_default_entropy_sources.disabled"/>
      <property id="config.driver.psa_crypto.mbedtls_no_platform_entropy" value="config.driver.psa_crypto.mbedtls_no_platform_entropy.enabled"/>
      <property id="config.driver.psa_crypto.mbedtls_entropy_force_sha256" value="config.driver.psa_crypto.mbedtls_entropy_force_sha256.disabled"/>
      <property id="config.driver.psa_crypto.mbedtls_entropy_nv_seed" value="config.driver.psa_crypto.mbedtls_entropy_nv_seed.disabled"/>
      <property id="config.driver.psa_crypto.mbedtls_psa_crypto_key_file_id_encodes_owner" value="config.driver.psa_crypto.mbedtls_psa_crypto_key_file_id_encodes_owner.disabled"/>
      <property id="config.driver.psa_crypto.mbedtls_memory_debug" value="config.driver.psa_crypto.mbedtls_memory_debug.disabled"/>
      <property id="config.driver.psa_crypto.mbedtls_memory_backtrace" value="config.driver.psa_crypto.mbedtls_memory_backtrace.disabled"/>
      <property id="config.driver.psa_crypto.mbedtls_pk_rsa_alt_support" value="config.driver.psa_crypto.mbedtls_pk_rsa_alt_support.disabled"/>
      <property id="config.driver.psa_crypto.mbedtls_pkcs1_v15" value="config.driver.psa_crypto.mbedtls_pkcs1_v15.enabled"/>
      <property id="config.driver.psa_crypto.mbedtls_pkcs1_v21" value="config.driver.psa_crypto.mbedtls_pkcs1_v21.enabled"/>
      <property id="config.driver.psa_crypto.mbedtls_crypto_builtin_keys" value="config.driver.psa_crypto.mbedtls_crypto_builtin_keys.disabled"/>
      <property id="config.driver.psa_crypto.psa_crypto_tfm_builtin_keys" value="config.driver.psa_crypto.psa_crypto_tfm_builtin_keys.disabled"/>
      <property id="config.driver.psa_crypto.mbedtls_psa_crypto_client" value="config.driver.psa_crypto.mbedtls_psa_crypto_client.disabled"/>
      <property id="config.driver.psa_crypto.mbedtls_crypto_external_rng" value="config.driver.psa_crypto.mbedtls_crypto_external_rng.disabled"/>
      <property id="config.driver.psa_crypto.mbedtls_psa_crypto_spm" value="config.driver.psa_crypto.mbedtls_psa_crypto_spm.disabled"/>
      <property id="config.driver.psa_crypto.mbedtls_psa_inject_entropy" value="config.driver.psa_crypto.mbedtls_psa_inject_entropy.disabled"/>
      <property id="config.driver.psa_crypto.mbedtls_psa_assume_exclusive_buffers" value="config.driver.psa_crypto.mbedtls_psa_assume_exclusive_buffers.disabled"/>
      <property id="config.driver.psa_crypto.mbedtls_rsa_no_crt" value="config.driver.psa_crypto.mbedtls_rsa_no_crt.enabled"/>
      <property id="config.driver.psa_crypto.mbedtls_self_test" value="config.driver.psa_crypto.mbedtls_self_test.disabled"/>
      <property id="config.driver.psa_crypto.mbedtls_sha256_smaller" value="config.driver.psa_crypto.mbedtls_sha256_smaller.disabled"/>
      <property id="config.driver.psa_crypto.mbedtls_sha512_smaller" value="config.driver.psa_crypto.mbedtls_sha512_smaller.disabled"/>
      <property id="config.driver.psa_crypto.mbedtls_threading_alt" value="config.driver.psa_crypto.mbedtls_threading_alt.disabled"/>
      <property id="config.driver.psa_crypto.mbedtls_threading_pthread" value="config.driver.psa_crypto.mbedtls_threading_pthread.disabled"/>
      <property id="config.driver.psa_crypto.mbedtls_use_psa_crypto" value="config.driver.psa_crypto.mbedtls_use_psa_crypto.disabled"/>
      <property id="config.driver.psa_crypto.mbedtls_version_features" value="config.driver.psa_crypto.mbedtls_version_features.enabled"/>
      <property id="config.driver.psa_crypto.mbedtls_aes_c" value="config.driver.psa_crypto.mbedtls_aes_c.enabled"/>
      <property id="config.driver.psa_crypto.mbedtls_asn1_parse_c" value="config.driver.psa_crypto.mbedtls_asn1_parse_c.enabled"/>
      <property id="config.driver.psa_crypto.mbedtls_asn1_write_c" value="config.driver.psa_crypto.mbedtls_asn1_write_c.enabled"/>
      <property id="config.driver.psa_crypto.mbedtls_base64_c" value="config.driver.psa_crypto.mbedtls_base64_c.enabled"/>
      <property id="config.driver.psa_crypto.mbedtls_block_cipher_no_decrypt" value="config.driver.psa_crypto.mbedtls_block_cipher_no_decrypt.disabled"/>
      <property id="config.driver.psa_crypto.mbedtls_bignum_c" value="config.driver.psa_crypto.mbedtls_bignum_c.enabled"/>
      <property id="config.driver.psa_crypto.mbedtls_camellia_c" value="config.driver.psa_crypto.mbedtls_camellia_c.disabled"/>
      <property id="config.driver.psa_crypto.mbedtls_aria_c" value="config.driver.psa_crypto.mbedtls_aria_c.disabled"/>
      <property id="config.driver.psa_crypto.mbedtls_ccm_c" value="config.driver.psa_crypto.mbedtls_ccm_c.enabled"/>
      <property id="config.driver.psa_crypto.mbedtls_chacha20_c" value="config.driver.psa_crypto.mbedtls_chacha20_c.disabled"/>
      <property id="config.driver.psa_crypto.mbedtls_chachapoly_c" value="config.driver.psa_crypto.mbedtls_chachapoly_c.disabled"/>
      <property id="config.driver.psa_crypto.mbedtls_cipher_c" value="config.driver.psa_crypto.mbedtls_cipher_c.enabled"/>
      <property id="config.driver.psa_crypto.mbedtls_cmac_c" value="config.driver.psa_crypto.mbedtls_cmac_c.disabled"/>
      <property id="config.driver.psa_crypto.mbedtls_ctr_drbg_c" value="config.driver.psa_crypto.mbedtls_ctr_drbg_c.enabled"/>
      <property id="config.driver.psa_crypto.mbedtls_ctr_drbg_c_alt" value="config.driver.psa_crypto.mbedtls_ctr_drbg_c_alt.enabled"/>
      <property id="config.driver.psa_crypto.mbedtls_des_c" value="config.driver.psa_crypto.mbedtls_des_c.disabled"/>
      <property id="config.driver.psa_crypto.mbedtls_dhm_c" value="config.driver.psa_crypto.mbedtls_dhm_c.disabled"/>
      <property id="config.driver.psa_crypto.mbedtls_ecdh_c" value="config.driver.psa_crypto.mbedtls_ecdh_c.enabled"/>
      <property id="config.driver.psa_crypto.mbedtls_ecdsa_c" value="config.driver.psa_crypto.mbedtls_ecdsa_c.enabled"/>
      <property id="config.driver.psa_crypto.mbedtls_ecp_c" value="config.driver.psa_crypto.mbedtls_ecp_c.enabled"/>
      <property id="config.driver.psa_crypto.mbedtls_ecjpake_c" value="config.driver.psa_crypto.mbedtls_ecjpake_c.disabled"/>
      <property id="config.driver.psa_crypto.mbedtls_entropy_c" value="config.driver.psa_crypto.mbedtls_entropy_c.enabled"/>
      <property id="config.driver.psa_crypto.mbedtls_error_c" value="config.driver.psa_crypto.mbedtls_error_c.enabled"/>
      <property id="config.driver.psa_crypto.mbedtls_gcm_c" value="config.driver.psa_crypto.mbedtls_gcm_c.enabled"/>
      <property id="config.driver.psa_crypto.mbedtls_gcm_large_table" value="config.driver.psa_crypto.mbedtls_gcm_large_table.disabled"/>
      <property id="config.driver.psa_crypto.mbedtls_hkdf_c" value="config.driver.psa_crypto.mbedtls_hkdf_c.enabled"/>
      <property id="config.driver.psa_crypto.mbedtls_hmac_drbg_c" value="config.driver.psa_crypto.mbedtls_hmac_drbg_c.disabled"/>
      <property id="config.driver.psa_crypto.mbedtls_lms_c" value="config.driver.psa_crypto.mbedtls_lms_c.enabled"/>
      <property id="config.driver.psa_crypto.mbedtls_lms_private" value="config.driver.psa_crypto.mbedtls_lms_private.disabled"/>
      <property id="config.driver.psa_crypto.mbedtls_nist_kw_c" value="config.driver.psa_crypto.mbedtls_nist_kw_c.disabled"/>
      <property id="config.driver.psa_crypto.mbedtls_md_c" value="config.driver.psa_crypto.mbedtls_md_c.enabled"/>
      <property id="config.driver.psa_crypto.mbedtls_md5_c" value="config.driver.psa_crypto.mbedtls_md5_c.enabled"/>
      <property id="config.driver.psa_crypto.mbedtls_memory_buffer_alloc_c" value="config.driver.psa_crypto.mbedtls_memory_buffer_alloc_c.enabled"/>
      <property id="config.driver.psa_crypto.mbedtls_oid_c" value="config.driver.psa_crypto.mbedtls_oid_c.enabled"/>
      <property id="config.driver.psa_crypto.mbedtls_pem_parse_c" value="config.driver.psa_crypto.mbedtls_pem_parse_c.enabled"/>
      <property id="config.driver.psa_crypto.mbedtls_pem_write_c" value="config.driver.psa_crypto.mbedtls_pem_write_c.enabled"/>
      <property id="config.driver.psa_crypto.mbedtls_pk_c" value="config.driver.psa_crypto.mbedtls_pk_c.enabled"/>
      <property id="config.driver.psa_crypto.mbedtls_pk_parse_c" value="config.driver.psa_crypto.mbedtls_pk_parse_c.enabled"/>
      <property id="config.driver.psa_crypto.mbedtls_pk_write_c" value="config.driver.psa_crypto.mbedtls_pk_write_c.enabled"/>
      <property id="config.driver.psa_crypto.mbedtls_pkcs5_c" value="config.driver.psa_crypto.mbedtls_pkcs5_c.enabled"/>
      <property id="config.driver.psa_crypto.mbedtls_pkcs7_c" value="config.driver.psa_crypto.mbedtls_pkcs7_c.disabled"/>
      <property id="config.driver.psa_crypto.mbedtls_pkcs12_c" value="config.driver.psa_crypto.mbedtls_pkcs12_c.enabled"/>
      <property id="config.driver.psa_crypto.mbedtls_platform_c" value="config.driver.psa_crypto.mbedtls_platform_c.enabled"/>
      <property id="config.driver.psa_crypto.mbedtls_poly1305_c" value="config.driver.psa_crypto.mbedtls_poly1305_c.disabled"/>
      <property id="config.driver.psa_crypto.mbedtls_psa_crypto_c" value="config.driver.psa_crypto.mbedtls_psa_crypto_c.enabled"/>
      <property id="config.driver.psa_crypto.mbedtls_psa_crypto_se_c" value="config.driver.psa_crypto.mbedtls_psa_crypto_se_c.disabled"/>
      <property id="config.driver.psa_crypto.mbedtls_psa_crypto_storage_c" value="config.driver.psa_crypto.mbedtls_psa_crypto_storage_c.disabled"/>
      <property id="config.driver.psa_crypto.mbedtls_psa_its_file_c" value="config.driver.psa_crypto.mbedtls_psa_its_file_c.disabled"/>
      <property id="config.driver.psa_crypto.mbedtls_ripemd160_c" value="config.driver.psa_crypto.mbedtls_ripemd160_c.disabled"/>
      <property id="config.driver.psa_crypto.mbedtls_rsa_c" value="config.driver.psa_crypto.mbedtls_rsa_c.disabled"/>
      <property id="config.driver.psa_crypto.mbedtls_rsa_gen_key_min_bits" value="config.driver.psa_crypto.mbedtls_rsa_gen_key_min_bits.disabled"/>
      <property id="config.driver.psa_crypto.mbedtls_rsa_gen_key_min_bits_value" value="1024"/>
      <property id="config.driver.psa_crypto.mbedtls_sha1_c" value="config.driver.psa_crypto.mbedtls_sha1_c.enabled"/>
      <property id="config.driver.psa_crypto.mbedtls_sha3_c" value="config.driver.psa_crypto.mbedtls_sha3_c.disabled"/>
      <property id="config.driver.psa_crypto.mbedtls_sha224_c" value="config.driver.psa_crypto.mbedtls_sha224_c.enabled"/>
      <property id="config.driver.psa_crypto.mbedtls_sha256_c" value="config.driver.psa_crypto.mbedtls_sha256_c.enabled"/>
      <property id="config.driver.psa_crypto.mbedtls_sha384_c" value="config.driver.psa_crypto.mbedtls_sha384_c.disabled"/>
      <property id="config.driver.psa_crypto.mbedtls_sha512_c" value="config.driver.psa_crypto.mbedtls_sha512_c.disabled"/>
      <property id="config.driver.psa_crypto.mbedtls_threading_c" value="config.driver.psa_crypto.mbedtls_threading_c.disabled"/>
      <property id="config.driver.psa_crypto.mbedtls_timing_c" value="config.driver.psa_crypto.mbedtls_timing_c.disabled"/>
      <property id="config.driver.psa_crypto.mbedtls_version_c" value="config.driver.psa_crypto.mbedtls_version_c.enabled"/>
      <property id="config.driver.psa_crypto.mbedtls_mpi_window_size" value="config.driver.psa_crypto.mbedtls_mpi_window_size.disabled"/>
      <property id="config.driver.psa_crypto.mbedtls_mpi_window_size_value" value="6"/>
      <property id="config.driver.psa_crypto.mbedtls_mpi_max_size" value="config.driver.psa_crypto.mbedtls_mpi_max_size.disabled"/>
      <property id="config.driver.psa_crypto.mbedtls_mpi_max_size_value" value="1024"/>
      <property id="config.driver.psa_crypto.mbedtls_ctr_drbg_entropy_len" value="config.driver.psa_crypto.mbedtls_ctr_drbg_entropy_len.disabled"/>
      <property id="config.driver.psa_crypto.mbedtls_ctr_drbg_entropy_len_value" value="48"/>
      <property id="config.driver.psa_crypto.mbedtls_ctr_drbg_reseed_interval" value="config.driver.psa_crypto.mbedtls_ctr_drbg_reseed_interval.disabled"/>
      <property id="config.driver.psa_crypto.mbedtls_ctr_drbg_reseed_interval_value" value="10000"/>
      <property id="config.driver.psa_crypto.mbedtls_ctr_drbg_max_input" value="config.driver.psa_crypto.mbedtls_ctr_drbg_max_input.disabled"/>
      <property id="config.driver.psa_crypto.mbedtls_ctr_drbg_max_input_value" value="256"/>
      <property id="config.driver.psa_crypto.mbedtls_ctr_drbg_max_request" value="config.driver.psa_crypto.mbedtls_ctr_drbg_max_request.disabled"/>
      <property id="config.driver.psa_crypto.mbedtls_ctr_drbg_max_request_value" value="1024"/>
      <property id="config.driver.psa_crypto.mbedtls_ctr_drbg_max_seed_input" value="config.driver.psa_crypto.mbedtls_ctr_drbg_max_seed_input.disabled"/>
      <property id="config.driver.psa_crypto.mbedtls_ctr_drbg_max_seed_input_value" value="384"/>
      <property id="config.driver.psa_crypto.mbedtls_ctr_drbg_use_128_bit_key" value="config.driver.psa_crypto.mbedtls_ctr_drbg_use_128_bit_key.disabled"/>
      <property id="config.driver.psa_crypto.mbedtls_hmac_drbg_reseed_interval" value="config.driver.psa_crypto.mbedtls_hmac_drbg_reseed_interval.disabled"/>
      <property id="config.driver.psa_crypto.mbedtls_hmac_drbg_reseed_interval_value" value="10000"/>
      <property id="config.driver.psa_crypto.mbedtls_hmac_drbg_max_input" value="config.driver.psa_crypto.mbedtls_hmac_drbg_max_input.disabled"/>
      <property id="config.driver.psa_crypto.mbedtls_hmac_drbg_max_input_value" value="256"/>
      <property id="config.driver.psa_crypto.mbedtls_hmac_drbg_max_request" value="config.driver.psa_crypto.mbedtls_hmac_drbg_max_request.disabled"/>
      <property id="config.driver.psa_crypto.mbedtls_hmac_drbg_max_request_value" value="1024"/>
      <property id="config.driver.psa_crypto.mbedtls_hmac_drbg_max_seed_input" value="config.driver.psa_crypto.mbedtls_hmac_drbg_max_seed_input.disabled"/>
      <property id="config.driver.psa_crypto.mbedtls_hmac_drbg_max_seed_input_value" value="384"/>
      <property id="config.driver.psa_crypto.mbedtls_ecp_window_size" value="config.driver.psa_crypto.mbedtls_ecp_window_size.disabled"/>
      <property id="config.driver.psa_crypto.mbedtls_ecp_window_size_value" value="6"/>
      <property id="config.driver.psa_crypto.mbedtls_ecp_fixed_point_optim" value="config.driver.psa_crypto.mbedtls_ecp_fixed_point_optim.disabled"/>
      <property id="config.driver.psa_crypto.mbedtls_ecp_fixed_point_optim_value" value="1"/>
      <property id="config.driver.psa_crypto.mbedtls_entropy_max_sources" value="config.driver.psa_crypto.mbedtls_entropy_max_sources.disabled"/>
      <property id="config.driver.psa_crypto.mbedtls_entropy_max_sources_value" value="20"/>
      <property id="config.driver.psa_crypto.mbedtls_entropy_max_gather" value="config.driver.psa_crypto.mbedtls_entropy_max_gather.disabled"/>
      <property id="config.driver.psa_crypto.mbedtls_entropy_max_gather_value" value="128"/>
      <property id="config.driver.psa_crypto.mbedtls_entropy_min_hardware" value="config.driver.psa_crypto.mbedtls_entropy_min_hardware.disabled"/>
      <property id="config.driver.psa_crypto.mbedtls_entropy_min_hardware_value" value="32"/>
      <property id="config.driver.psa_crypto.mbedtls_memory_align_multiple" value="config.driver.psa_crypto.mbedtls_memory_align_multiple.disabled"/>
      <property id="config.driver.psa_crypto.mbedtls_memory_align_multiple_value" value="4"/>
      <property id="config.driver.psa_crypto.mbedtls_platform_std_calloc" value="config.driver.psa_crypto.mbedtls_platform_std_calloc.disabled"/>
      <property id="config.driver.psa_crypto.mbedtls_platform_std_calloc_value" value="calloc"/>
      <property id="config.driver.psa_crypto.mbedtls_platform_std_free" value="config.driver.psa_crypto.mbedtls_platform_std_free.disabled"/>
      <property id="config.driver.psa_crypto.mbedtls_platform_std_free_value" value="free"/>
      <property id="config.driver.psa_crypto.mbedtls_platform_std_setbuf" value="config.driver.psa_crypto.mbedtls_platform_std_setbuf.disabled"/>
      <property id="config.driver.psa_crypto.mbedtls_platform_std_setbuf_value" value="setbuf"/>
      <property id="config.driver.psa_crypto.mbedtls_platform_std_exit" value="config.driver.psa_crypto.mbedtls_platform_std_exit.disabled"/>
      <property id="config.driver.psa_crypto.mbedtls_platform_std_exit_value" value="exit"/>
      <property id="config.driver.psa_crypto.mbedtls_platform_std_time" value="config.driver.psa_crypto.mbedtls_platform_std_time.disabled"/>
      <property id="config.driver.psa_crypto.mbedtls_platform_std_time_value" value="time"/>
      <property id="config.driver.psa_crypto.mbedtls_platform_std_fprintf" value="config.driver.psa_crypto.mbedtls_platform_std_fprintf.disabled"/>
      <property id="config.driver.psa_crypto.mbedtls_platform_std_fprintf_value" value="fprintf"/>
      <property id="config.driver.psa_crypto.mbedtls_platform_std_printf" value="config.driver.psa_crypto.mbedtls_platform_std_printf.disabled"/>
      <property id="config.driver.psa_crypto.mbedtls_platform_std_printf_value" value="printf"/>
      <property id="config.driver.psa_crypto.mbedtls_platform_std_snprintf" value="config.driver.psa_crypto.mbedtls_platform_std_snprintf.disabled"/>
      <property id="config.driver.psa_crypto.mbedtls_platform_std_snprintf_value" value="snprintf"/>
      <property id="config.driver.psa_crypto.mbedtls_platform_std_exit_success" value="config.driver.psa_crypto.mbedtls_platform_std_exit_success.disabled"/>
      <property id="config.driver.psa_crypto.mbedtls_platform_std_exit_success_value" value="0"/>
      <property id="config.driver.psa_crypto.mbedtls_platform_std_exit_failure" value="config.driver.psa_crypto.mbedtls_platform_std_exit_failure.disabled"/>
      <property id="config.driver.psa_crypto.mbedtls_platform_std_exit_failure_value" value="1"/>
      <property id="config.driver.psa_crypto.mbedtls_platform_std_nv_seed_read" value="config.driver.psa_crypto.mbedtls_platform_std_nv_seed_read.disabled"/>
      <property id="config.driver.psa_crypto.mbedtls_platform_std_nv_seed_read_value" value="mbedtls_platform_std_nv_seed_read"/>
      <property id="config.driver.psa_crypto.mbedtls_platform_std_nv_seed_write" value="config.driver.psa_crypto.mbedtls_platform_std_nv_seed_write.disabled"/>
      <property id="config.driver.psa_crypto.mbedtls_platform_std_nv_seed_write_value" value="mbedtls_platform_std_nv_seed_write"/>
      <property id="config.driver.psa_crypto.mbedtls_platform_std_nv_seed_file" value="config.driver.psa_crypto.mbedtls_platform_std_nv_seed_file.disabled"/>
      <property id="config.driver.psa_crypto.mbedtls_platform_std_nv_seed_file_value" value=""/>
      <property id="config.driver.psa_crypto.mbedtls_platform_calloc_macro" value="config.driver.psa_crypto.mbedtls_platform_calloc_macro.disabled"/>
      <property id="config.driver.psa_crypto.mbedtls_platform_calloc_macro_value" value="calloc"/>
      <property id="config.driver.psa_crypto.mbedtls_platform_free_macro" value="config.driver.psa_crypto.mbedtls_platform_free_macro.disabled"/>
      <property id="config.driver.psa_crypto.mbedtls_platform_free_macro_value" value="free"/>
      <property id="config.driver.psa_crypto.mbedtls_platform_exit_macro" value="config.driver.psa_crypto.mbedtls_platform_exit_macro.disabled"/>
      <property id="config.driver.psa_crypto.mbedtls_platform_exit_macro_value" value="exit"/>
      <property id="config.driver.psa_crypto.mbedtls_platform_setbuf_macro" value="config.driver.psa_crypto.mbedtls_platform_setbuf_macro.enabled"/>
      <property id="config.driver.psa_crypto.mbedtls_platform_setbuf_macro_value" value="dummy_setbuf"/>
      <property id="config.driver.psa_crypto.mbedtls_platform_time_macro" value="config.driver.psa_crypto.mbedtls_platform_time_macro.disabled"/>
      <property id="config.driver.psa_crypto.mbedtls_platform_time_macro_value" value="time"/>
      <property id="config.driver.psa_crypto.mbedtls_platform_time_type_macro" value="config.driver.psa_crypto.mbedtls_platform_time_type_macro.disabled"/>
      <property id="config.driver.psa_crypto.mbedtls_platform_time_type_macro_value" value="time_t"/>
      <property id="config.driver.psa_crypto.mbedtls_platform_ms_time_type_macro" value="config.driver.psa_crypto.mbedtls_platform_ms_time_type_macro.disabled"/>
      <property id="config.driver.psa_crypto.mbedtls_platform_ms_time_type_macro_value" value="int64_t"/>
      <property id="config.driver.psa_crypto.mbedtls_printf_ms_time" value="config.driver.psa_crypto.mbedtls_printf_ms_time.disabled"/>
      <property id="config.driver.psa_crypto.mbedtls_printf_ms_time_value" value="PRId64"/>
      <property id="config.driver.psa_crypto.mbedtls_platform_fprintf_macro" value="config.driver.psa_crypto.mbedtls_platform_fprintf_macro.disabled"/>
      <property id="config.driver.psa_crypto.mbedtls_platform_fprintf_macro_value" value="fprintf"/>
      <property id="config.driver.psa_crypto.mbedtls_platform_printf_macro" value="config.driver.psa_crypto.mbedtls_platform_printf_macro.disabled"/>
      <property id="config.driver.psa_crypto.mbedtls_platform_printf_macro_value" value="printf"/>
      <property id="config.driver.psa_crypto.mbedtls_platform_snprintf_macro" value="config.driver.psa_crypto.mbedtls_platform_snprintf_macro.disabled"/>
      <property id="config.driver.psa_crypto.mbedtls_platform_snprintf_macro_value" value="snprintf"/>
      <property id="config.driver.psa_crypto.mbedtls_platform_vsnprintf_macro" value="config.driver.psa_crypto.mbedtls_platform_vsnprintf_macro.disabled"/>
      <property id="config.driver.psa_crypto.mbedtls_platform_vsnprintf_macro_value" value="vsnprintf"/>
      <property id="config.driver.psa_crypto.mbedtls_platform_nv_seed_read_macro" value="config.driver.psa_crypto.mbedtls_platform_nv_seed_read_macro.disabled"/>
      <property id="config.driver.psa_crypto.mbedtls_platform_nv_seed_read_macro_value" value="mbedtls_platform_std_nv_seed_read"/>
      <property id="config.driver.psa_crypto.mbedtls_platform_nv_seed_write_macro" value="config.driver.psa_crypto.mbedtls_platform_nv_seed_write_macro.disabled"/>
      <property id="config.driver.psa_crypto.mbedtls_platform_nv_seed_write_macro_value" value="mbedtls_platform_std_nv_seed_write"/>
      <property id="config.driver.psa_crypto.mbedtls_check_return" value="config.driver.psa_crypto.mbedtls_check_return.enabled"/>
      <property id="config.driver.psa_crypto.mbedtls_ignore_return" value="config.driver.psa_crypto.mbedtls_ignore_return.disabled"/>
      <property id="config.driver.psa_crypto.mbedtls_psa_hmac_drbg_md_type" value="config.driver.psa_crypto.mbedtls_psa_hmac_drbg_md_type.enabled"/>
      <property id="config.driver.psa_crypto.mbedtls_platform_zeroize_alt" value="config.driver.psa_crypto.mbedtls_platform_zeroize_alt.disabled"/>
      <property id="config.driver.psa_crypto.mbedtls_psa_key_slot_count" value="config.driver.psa_crypto.mbedtls_psa_key_slot_count.disabled"/>
      <property id="config.driver.psa_crypto.mbedtls_psa_key_slot_count_value" value="32"/>
      <property id="config.driver.psa_crypto.mbedtls_platform_gmtime_r_alt" value="config.driver.psa_crypto.mbedtls_platform_gmtime_r_alt.disabled"/>
      <property id="config.driver.psa_crypto.mbedtls_ecdh_variant_everest_enabled" value="config.driver.psa_crypto.mbedtls_ecdh_variant_everest_enabled.disabled"/>
      <property id="config.driver.psa_crypto.mbedtls_psa_crypto_config" value="config.driver.psa_crypto.mbedtls_psa_crypto_config.disabled"/>
    </config>
    <config id="config.driver.ioport">
      <property id="config.driver.ioport.checking" value="config.driver.ioport.checking.system"/>
    </config>
    <config id="config.driver.qspi">
      <property id="config.driver.qspi.param_checking_enable" value="config.driver.qspi.param_checking_enable.bsp"/>
      <property id="config.driver.qspi.extended_spi_multi_line_program" value="config.driver.qspi.extended_spi_multi_line_program.disabled"/>
    </config>
  </raModuleConfiguration>
  <raPinConfiguration>
    <symbolicName propertyId="p000.symbolic_name" value="ARDUINO_A0_MIKROBUS_AN"/>
    <symbolicName propertyId="p001.symbolic_name" value="ARDUINO_A1"/>
    <symbolicName propertyId="p002.symbolic_name" value="ETH_INT"/>
    <symbolicName propertyId="p003.symbolic_name" value="ARDUINO_A2"/>
    <symbolicName propertyId="p004.symbolic_name" value="OSPI_RST"/>
    <symbolicName propertyId="p005.symbolic_name" value="SW1"/>
    <symbolicName propertyId="p006.symbolic_name" value="SW2"/>
    <symbolicName propertyId="p007.symbolic_name" value="ARDUINO_A3"/>
    <symbolicName propertyId="p008.symbolic_name" value="PMOD1_INT"/>
    <symbolicName propertyId="p009.symbolic_name" value="ARDUINO_D2"/>
    <symbolicName propertyId="p014.symbolic_name" value="ARDUINO_A4"/>
    <symbolicName propertyId="p015.symbolic_name" value="ARDUINO_A5"/>
    <symbolicName propertyId="p100.symbolic_name" value="OSPI_CLK"/>
    <symbolicName propertyId="p101.symbolic_name" value="OSPI_SIO7"/>
    <symbolicName propertyId="p102.symbolic_name" value="OSPI_SIO1"/>
    <symbolicName propertyId="p103.symbolic_name" value="OSPI_SIO6"/>
    <symbolicName propertyId="p104.symbolic_name" value="OSPI_DQS"/>
    <symbolicName propertyId="p105.symbolic_name" value="OSPI_SIO5"/>
    <symbolicName propertyId="p106.symbolic_name" value="OSPI_SIO0"/>
    <symbolicName propertyId="p107.symbolic_name" value="OSPI_SIO3"/>
    <symbolicName propertyId="p111.symbolic_name" value="ARDUINO_D3"/>
    <symbolicName propertyId="p115.symbolic_name" value="MIKROBUS_RST"/>
    <symbolicName propertyId="p202.symbolic_name" value="ARDUILD_MISO_MIKROBUS_MISO"/>
    <symbolicName propertyId="p203.symbolic_name" value="ARDUILD_MOSI_MIKROBUS_MOSI"/>
    <symbolicName propertyId="p204.symbolic_name" value="ARDUILD_CLK_MIKROBUS_CLK"/>
    <symbolicName propertyId="p205.symbolic_name" value="ARDUILD_SS_MIKROBUS_SS"/>
    <symbolicName propertyId="p301.symbolic_name" value="PMOD1_SS"/>
    <symbolicName propertyId="p303.symbolic_name" value="ARDUINO_D9"/>
    <symbolicName propertyId="p304.symbolic_name" value="ARDUINO_D7"/>
    <symbolicName propertyId="p305.symbolic_name" value="QSPI_CLK"/>
    <symbolicName propertyId="p306.symbolic_name" value="QSPI_SSL"/>
    <symbolicName propertyId="p307.symbolic_name" value="QSPI_IO0"/>
    <symbolicName propertyId="p308.symbolic_name" value="QSPI_IO1"/>
    <symbolicName propertyId="p309.symbolic_name" value="QSPI_IO2"/>
    <symbolicName propertyId="p310.symbolic_name" value="QSPI_IO3"/>
    <symbolicName propertyId="p311.symbolic_name" value="PMOD1_IO1"/>
    <symbolicName propertyId="p312.symbolic_name" value="PMOD1_IO2"/>
    <symbolicName propertyId="p313.symbolic_name" value="PMOD1_IO3"/>
    <symbolicName propertyId="p400.symbolic_name" value="LED3"/>
    <symbolicName propertyId="p401.symbolic_name" value="ETH_MDC"/>
    <symbolicName propertyId="p402.symbolic_name" value="ETH_MDIO"/>
    <symbolicName propertyId="p403.symbolic_name" value="ETH_RST"/>
    <symbolicName propertyId="p404.symbolic_name" value="LED2"/>
    <symbolicName propertyId="p405.symbolic_name" value="ETH_TXD_EN"/>
    <symbolicName propertyId="p406.symbolic_name" value="ETH_TXD1"/>
    <symbolicName propertyId="p407.symbolic_name" value="USB_VBUS_DETECT"/>
    <symbolicName propertyId="p408.symbolic_name" value="ARDUINO_D6_MIKROBUS_PWM"/>
    <symbolicName propertyId="p409.symbolic_name" value="MIKROBUS_INT"/>
    <symbolicName propertyId="p410.symbolic_name" value="PMOD2_MISO"/>
    <symbolicName propertyId="p411.symbolic_name" value="PMOD2_MOSI"/>
    <symbolicName propertyId="p412.symbolic_name" value="PMOD2_CLK"/>
    <symbolicName propertyId="p413.symbolic_name" value="PMOD2_SS"/>
    <symbolicName propertyId="p414.symbolic_name" value="PMOD2_INT"/>
    <symbolicName propertyId="p415.symbolic_name" value="LED1"/>
    <symbolicName propertyId="p500.symbolic_name" value="USB_VBUS_EN"/>
    <symbolicName propertyId="p501.symbolic_name" value="USB_OC"/>
    <symbolicName propertyId="p505.symbolic_name" value="GROVE2_SCL"/>
    <symbolicName propertyId="p506.symbolic_name" value="GROVE2_SDA"/>
    <symbolicName propertyId="p511.symbolic_name" value="ARDUINO_SDA_MIKROBUS_SDA_GROVE1_SDA_QWIIC_SDA"/>
    <symbolicName propertyId="p512.symbolic_name" value="ARDUINO_SCL_MIKROBUS_SCL_GROVE1_SCL_QWIIC_SCL"/>
    <symbolicName propertyId="p600.symbolic_name" value="OSPI_SIO4"/>
    <symbolicName propertyId="p601.symbolic_name" value="OSPI_SIO2"/>
    <symbolicName propertyId="p609.symbolic_name" value="OSPI_CS"/>
    <symbolicName propertyId="p610.symbolic_name" value="OSPI_CS0"/>
    <symbolicName propertyId="p611.symbolic_name" value="ARDUINO_D8"/>
    <symbolicName propertyId="p612.symbolic_name" value="ARDUINO_RST"/>
    <symbolicName propertyId="p613.symbolic_name" value="ARDUINO_TX_MIKROBUS_TX"/>
    <symbolicName propertyId="p614.symbolic_name" value="ARDUINO_RX_MIKROBUS_RX"/>
    <symbolicName propertyId="p700.symbolic_name" value="ETH_TXD0"/>
    <symbolicName propertyId="p701.symbolic_name" value="ETH_REF50"/>
    <symbolicName propertyId="p702.symbolic_name" value="ETH_RXD0"/>
    <symbolicName propertyId="p703.symbolic_name" value="ETH_RXD1"/>
    <symbolicName propertyId="p704.symbolic_name" value="ETH_RX_ERR"/>
    <symbolicName propertyId="p705.symbolic_name" value="ETH_CRS_DV"/>
    <symbolicName propertyId="p708.symbolic_name" value="PMOD2_IO1"/>
    <symbolicName propertyId="p709.symbolic_name" value="PMOD2_IO2"/>
    <symbolicName propertyId="p710.symbolic_name" value="PMOD2_IO3"/>
    <symbolicName propertyId="p712.symbolic_name" value="ARDUINO_D5"/>
    <symbolicName propertyId="p713.symbolic_name" value="ARDUINO_D4"/>
    <pincfg active="false" name="RA6M4 EK" selected="false" symbol="g_bsp_pin_cfg">
      <configSetting altId="adc0.an00.p000" configurationId="adc0.an00"/>
      <configSetting altId="adc0.an01.p001" configurationId="adc0.an01"/>
      <configSetting altId="adc0.an03.p003" configurationId="adc0.an03"/>
      <configSetting altId="adc0.an07.p007" configurationId="adc0.an07"/>
      <configSetting altId="adc0.an12.p014" configurationId="adc0.an12"/>
      <configSetting altId="adc0.an13.p015" configurationId="adc0.an13"/>
      <configSetting altId="adc0.mode.custom" configurationId="adc0.mode"/>
      <configSetting altId="cgc0.extal.p212" configurationId="cgc0.extal"/>
      <configSetting altId="cgc0.mode.mainsub" configurationId="cgc0.mode"/>
      <configSetting altId="cgc0.xtal.p213" configurationId="cgc0.xtal"/>
      <configSetting altId="debug0.mode.jtag" configurationId="debug0.mode"/>
      <configSetting altId="debug0.tck.p300" configurationId="debug0.tck"/>
      <configSetting altId="debug0.tdi.p110" configurationId="debug0.tdi"/>
      <configSetting altId="debug0.tdo.p109" configurationId="debug0.tdo"/>
      <configSetting altId="debug0.tms.p108" configurationId="debug0.tms"/>
      <configSetting altId="etherc0.rmii.crs_dv.p705" configurationId="etherc0.rmii.crs_dv"/>
      <configSetting altId="etherc0.rmii.mdc.p401" configurationId="etherc0.rmii.mdc"/>
      <configSetting altId="etherc0.rmii.mdio.p402" configurationId="etherc0.rmii.mdio"/>
      <configSetting altId="etherc0.rmii.mode.rmii.free" configurationId="etherc0.rmii.mode"/>
      <configSetting altId="etherc0.rmii.pairing.free" configurationId="etherc0.rmii.pairing"/>
      <configSetting altId="etherc0.rmii.ref50ck.p701" configurationId="etherc0.rmii.ref50ck"/>
      <configSetting altId="etherc0.rmii.rx_er.p704" configurationId="etherc0.rmii.rx_er"/>
      <configSetting altId="etherc0.rmii.rxd0.p702" configurationId="etherc0.rmii.rxd0"/>
      <configSetting altId="etherc0.rmii.rxd1.p703" configurationId="etherc0.rmii.rxd1"/>
      <configSetting altId="etherc0.rmii.txd0.p700" configurationId="etherc0.rmii.txd0"/>
      <configSetting altId="etherc0.rmii.txd1.p406" configurationId="etherc0.rmii.txd1"/>
      <configSetting altId="etherc0.rmii.txd_en.p405" configurationId="etherc0.rmii.txd_en"/>
      <configSetting altId="gpt6.gtiocb.p408" configurationId="gpt6.gtiocb"/>
      <configSetting altId="gpt6.mode.gtiocaorgtiocb.free" configurationId="gpt6.mode"/>
      <configSetting altId="iic1.mode.enabled.a" configurationId="iic1.mode"/>
      <configSetting altId="iic1.scl.p512" configurationId="iic1.scl"/>
      <configSetting altId="iic1.sda.p511" configurationId="iic1.sda"/>
      <configSetting altId="irq0.irq06.p409" configurationId="irq0.irq06"/>
      <configSetting altId="irq0.irq08.p002" configurationId="irq0.irq08"/>
      <configSetting altId="irq0.irq09.p414" configurationId="irq0.irq09"/>
      <configSetting altId="irq0.irq10.p005" configurationId="irq0.irq10"/>
      <configSetting altId="irq0.irq11.p006" configurationId="irq0.irq11"/>
      <configSetting altId="irq0.irq12.p008" configurationId="irq0.irq12"/>
      <configSetting altId="irq0.mode.enabled" configurationId="irq0.mode"/>
      <configSetting altId="ospi0.mode.enable.free" configurationId="ospi0.mode"/>
      <configSetting altId="ospi0.omcs0.p610" configurationId="ospi0.omcs0"/>
      <configSetting altId="ospi0.omcs1.p602" configurationId="ospi0.omcs1"/>
      <configSetting altId="ospi0.omdqs.p104" configurationId="ospi0.omdqs"/>
      <configSetting altId="ospi0.omsclk.p100" configurationId="ospi0.omsclk"/>
      <configSetting altId="ospi0.omsio0.p106" configurationId="ospi0.omsio0"/>
      <configSetting altId="ospi0.omsio1.p102" configurationId="ospi0.omsio1"/>
      <configSetting altId="ospi0.omsio2.p601" configurationId="ospi0.omsio2"/>
      <configSetting altId="ospi0.omsio3.p107" configurationId="ospi0.omsio3"/>
      <configSetting altId="ospi0.omsio4.p600" configurationId="ospi0.omsio4"/>
      <configSetting altId="ospi0.omsio5.p105" configurationId="ospi0.omsio5"/>
      <configSetting altId="ospi0.omsio6.p103" configurationId="ospi0.omsio6"/>
      <configSetting altId="ospi0.omsio7.p101" configurationId="ospi0.omsio7"/>
      <configSetting altId="ospi0.pairing.free" configurationId="ospi0.pairing"/>
      <configSetting altId="p000.asel" configurationId="p000"/>
      <configSetting altId="p000.gpio_mode.gpio_mode_an" configurationId="p000.gpio_mode"/>
      <configSetting altId="p001.asel" configurationId="p001"/>
      <configSetting altId="p001.gpio_mode.gpio_mode_an" configurationId="p001.gpio_mode"/>
      <configSetting altId="p002.irq0.irq08" configurationId="p002"/>
      <configSetting altId="p002.gpio_irq.gpio_irq_enabled" configurationId="p002.gpio_irq"/>
      <configSetting altId="p002.gpio_mode.gpio_mode_irq" configurationId="p002.gpio_mode"/>
      <configSetting altId="p003.asel" configurationId="p003"/>
      <configSetting altId="p003.gpio_mode.gpio_mode_an" configurationId="p003.gpio_mode"/>
      <configSetting altId="p004.output.low" configurationId="p004"/>
      <configSetting altId="p004.gpio_mode.gpio_mode_out.low" configurationId="p004.gpio_mode"/>
      <configSetting altId="p005.irq0.irq10" configurationId="p005"/>
      <configSetting altId="p005.gpio_irq.gpio_irq_enabled" configurationId="p005.gpio_irq"/>
      <configSetting altId="p005.gpio_mode.gpio_mode_irq" configurationId="p005.gpio_mode"/>
      <configSetting altId="p006.irq0.irq11" configurationId="p006"/>
      <configSetting altId="p006.gpio_irq.gpio_irq_enabled" configurationId="p006.gpio_irq"/>
      <configSetting altId="p006.gpio_mode.gpio_mode_irq" configurationId="p006.gpio_mode"/>
      <configSetting altId="p007.asel" configurationId="p007"/>
      <configSetting altId="p007.gpio_mode.gpio_mode_an" configurationId="p007.gpio_mode"/>
      <configSetting altId="p008.irq0.irq12" configurationId="p008"/>
      <configSetting altId="p008.gpio_irq.gpio_irq_enabled" configurationId="p008.gpio_irq"/>
      <configSetting altId="p008.gpio_mode.gpio_mode_irq" configurationId="p008.gpio_mode"/>
      <configSetting altId="p008.gpio_pupd.gpio_pupd_ip_up" configurationId="p008.gpio_pupd"/>
      <configSetting altId="p009.output.low" configurationId="p009"/>
      <configSetting altId="p009.gpio_mode.gpio_mode_out.low" configurationId="p009.gpio_mode"/>
      <configSetting altId="p014.asel" configurationId="p014"/>
      <configSetting altId="p014.gpio_mode.gpio_mode_an" configurationId="p014.gpio_mode"/>
      <configSetting altId="p015.asel" configurationId="p015"/>
      <configSetting altId="p015.gpio_mode.gpio_mode_an" configurationId="p015.gpio_mode"/>
      <configSetting altId="p100.ospi0.omsclk" configurationId="p100"/>
      <configSetting altId="p100.gpio_speed.gpio_speed_high" configurationId="p100.gpio_drivecapacity"/>
      <configSetting altId="p100.gpio_mode.gpio_mode_peripheral" configurationId="p100.gpio_mode"/>
      <configSetting altId="p101.ospi0.omsio7" configurationId="p101"/>
      <configSetting altId="p101.gpio_speed.gpio_speed_high" configurationId="p101.gpio_drivecapacity"/>
      <configSetting altId="p101.gpio_mode.gpio_mode_peripheral" configurationId="p101.gpio_mode"/>
      <configSetting altId="p102.ospi0.omsio1" configurationId="p102"/>
      <configSetting altId="p102.gpio_speed.gpio_speed_high" configurationId="p102.gpio_drivecapacity"/>
      <configSetting altId="p102.gpio_mode.gpio_mode_peripheral" configurationId="p102.gpio_mode"/>
      <configSetting altId="p103.ospi0.omsio6" configurationId="p103"/>
      <configSetting altId="p103.gpio_speed.gpio_speed_high" configurationId="p103.gpio_drivecapacity"/>
      <configSetting altId="p103.gpio_mode.gpio_mode_peripheral" configurationId="p103.gpio_mode"/>
      <configSetting altId="p104.ospi0.omdqs" configurationId="p104"/>
      <configSetting altId="p104.gpio_speed.gpio_speed_high" configurationId="p104.gpio_drivecapacity"/>
      <configSetting altId="p104.gpio_mode.gpio_mode_peripheral" configurationId="p104.gpio_mode"/>
      <configSetting altId="p105.ospi0.omsio5" configurationId="p105"/>
      <configSetting altId="p105.gpio_speed.gpio_speed_high" configurationId="p105.gpio_drivecapacity"/>
      <configSetting altId="p105.gpio_mode.gpio_mode_peripheral" configurationId="p105.gpio_mode"/>
      <configSetting altId="p106.ospi0.omsio0" configurationId="p106"/>
      <configSetting altId="p106.gpio_speed.gpio_speed_high" configurationId="p106.gpio_drivecapacity"/>
      <configSetting altId="p106.gpio_mode.gpio_mode_peripheral" configurationId="p106.gpio_mode"/>
      <configSetting altId="p107.ospi0.omsio3" configurationId="p107"/>
      <configSetting altId="p107.gpio_speed.gpio_speed_high" configurationId="p107.gpio_drivecapacity"/>
      <configSetting altId="p107.gpio_mode.gpio_mode_peripheral" configurationId="p107.gpio_mode"/>
      <configSetting altId="p108.debug0.tms" configurationId="p108"/>
      <configSetting altId="p108.gpio_mode.gpio_mode_peripheral" configurationId="p108.gpio_mode"/>
      <configSetting altId="p109.debug0.tdo" configurationId="p109"/>
      <configSetting altId="p109.gpio_mode.gpio_mode_peripheral" configurationId="p109.gpio_mode"/>
      <configSetting altId="p110.debug0.tdi" configurationId="p110"/>
      <configSetting altId="p110.gpio_mode.gpio_mode_peripheral" configurationId="p110.gpio_mode"/>
      <configSetting altId="p111.output.low" configurationId="p111"/>
      <configSetting altId="p111.gpio_mode.gpio_mode_out.low" configurationId="p111.gpio_mode"/>
      <configSetting altId="p115.output.low" configurationId="p115"/>
      <configSetting altId="p115.gpio_mode.gpio_mode_out.low" configurationId="p115.gpio_mode"/>
      <configSetting altId="p202.spi0.miso" configurationId="p202"/>
      <configSetting altId="p202.gpio_mode.gpio_mode_peripheral" configurationId="p202.gpio_mode"/>
      <configSetting altId="p203.spi0.mosi" configurationId="p203"/>
      <configSetting altId="p203.gpio_mode.gpio_mode_peripheral" configurationId="p203.gpio_mode"/>
      <configSetting altId="p204.spi0.rspck" configurationId="p204"/>
      <configSetting altId="p204.gpio_mode.gpio_mode_peripheral" configurationId="p204.gpio_mode"/>
      <configSetting altId="p205.spi0.ssl0" configurationId="p205"/>
      <configSetting altId="p205.gpio_mode.gpio_mode_peripheral" configurationId="p205.gpio_mode"/>
      <configSetting altId="p212.cgc0.extal" configurationId="p212"/>
      <configSetting altId="p212.gpio_mode.gpio_mode_peripheral" configurationId="p212.gpio_mode"/>
      <configSetting altId="p213.cgc0.xtal" configurationId="p213"/>
      <configSetting altId="p213.gpio_mode.gpio_mode_peripheral" configurationId="p213.gpio_mode"/>
      <configSetting altId="p300.debug0.tck" configurationId="p300"/>
      <configSetting altId="p300.gpio_mode.gpio_mode_peripheral" configurationId="p300.gpio_mode"/>
      <configSetting altId="p301.spi0.ssl2" configurationId="p301"/>
      <configSetting altId="p301.gpio_mode.gpio_mode_peripheral" configurationId="p301.gpio_mode"/>
      <configSetting altId="p303.output.low" configurationId="p303"/>
      <configSetting altId="p303.gpio_mode.gpio_mode_out.low" configurationId="p303.gpio_mode"/>
      <configSetting altId="p304.output.low" configurationId="p304"/>
      <configSetting altId="p304.gpio_mode.gpio_mode_out.low" configurationId="p304.gpio_mode"/>
      <configSetting altId="p305.qspi0.qspclk" configurationId="p305"/>
      <configSetting altId="p305.gpio_speed.gpio_speed_high" configurationId="p305.gpio_drivecapacity"/>
      <configSetting altId="p305.gpio_mode.gpio_mode_peripheral" configurationId="p305.gpio_mode"/>
      <configSetting altId="p306.qspi0.qssl" configurationId="p306"/>
      <configSetting altId="p306.gpio_speed.gpio_speed_high" configurationId="p306.gpio_drivecapacity"/>
      <configSetting altId="p306.gpio_mode.gpio_mode_peripheral" configurationId="p306.gpio_mode"/>
      <configSetting altId="p307.qspi0.qio0" configurationId="p307"/>
      <configSetting altId="p307.gpio_speed.gpio_speed_high" configurationId="p307.gpio_drivecapacity"/>
      <configSetting altId="p307.gpio_mode.gpio_mode_peripheral" configurationId="p307.gpio_mode"/>
      <configSetting altId="p308.qspi0.qio1" configurationId="p308"/>
      <configSetting altId="p308.gpio_speed.gpio_speed_high" configurationId="p308.gpio_drivecapacity"/>
      <configSetting altId="p308.gpio_mode.gpio_mode_peripheral" configurationId="p308.gpio_mode"/>
      <configSetting altId="p309.qspi0.qio2" configurationId="p309"/>
      <configSetting altId="p309.gpio_speed.gpio_speed_high" configurationId="p309.gpio_drivecapacity"/>
      <configSetting altId="p309.gpio_mode.gpio_mode_peripheral" configurationId="p309.gpio_mode"/>
      <configSetting altId="p310.qspi0.qio3" configurationId="p310"/>
      <configSetting altId="p310.gpio_speed.gpio_speed_high" configurationId="p310.gpio_drivecapacity"/>
      <configSetting altId="p310.gpio_mode.gpio_mode_peripheral" configurationId="p310.gpio_mode"/>
      <configSetting altId="p311.output.low" configurationId="p311"/>
      <configSetting altId="p311.gpio_mode.gpio_mode_out.low" configurationId="p311.gpio_mode"/>
      <configSetting altId="p312.output.low" configurationId="p312"/>
      <configSetting altId="p312.gpio_mode.gpio_mode_out.low" configurationId="p312.gpio_mode"/>
      <configSetting altId="p313.output.low" configurationId="p313"/>
      <configSetting altId="p313.gpio_mode.gpio_mode_out.low" configurationId="p313.gpio_mode"/>
      <configSetting altId="p400.output.low" configurationId="p400"/>
      <configSetting altId="p400.gpio_mode.gpio_mode_out.low" configurationId="p400.gpio_mode"/>
      <configSetting altId="p401.etherc0.rmii.mdc" configurationId="p401"/>
      <configSetting altId="p401.gpio_speed.gpio_speed_high" configurationId="p401.gpio_drivecapacity"/>
      <configSetting altId="p401.gpio_mode.gpio_mode_peripheral" configurationId="p401.gpio_mode"/>
      <configSetting altId="p402.etherc0.rmii.mdio" configurationId="p402"/>
      <configSetting altId="p402.gpio_speed.gpio_speed_high" configurationId="p402.gpio_drivecapacity"/>
      <configSetting altId="p402.gpio_mode.gpio_mode_peripheral" configurationId="p402.gpio_mode"/>
      <configSetting altId="p403.output.high" configurationId="p403"/>
      <configSetting altId="p403.gpio_speed.gpio_speed_high" configurationId="p403.gpio_drivecapacity"/>
      <configSetting altId="p403.gpio_mode.gpio_mode_out.high" configurationId="p403.gpio_mode"/>
      <configSetting altId="p404.output.low" configurationId="p404"/>
      <configSetting altId="p404.gpio_mode.gpio_mode_out.low" configurationId="p404.gpio_mode"/>
      <configSetting altId="p405.etherc0.rmii.txd_en" configurationId="p405"/>
      <configSetting altId="p405.gpio_speed.gpio_speed_high" configurationId="p405.gpio_drivecapacity"/>
      <configSetting altId="p405.gpio_mode.gpio_mode_peripheral" configurationId="p405.gpio_mode"/>
      <configSetting altId="p406.etherc0.rmii.txd1" configurationId="p406"/>
      <configSetting altId="p406.gpio_speed.gpio_speed_high" configurationId="p406.gpio_drivecapacity"/>
      <configSetting altId="p406.gpio_mode.gpio_mode_peripheral" configurationId="p406.gpio_mode"/>
      <configSetting altId="p407.usbfs0.vbus" configurationId="p407"/>
      <configSetting altId="p407.gpio_mode.gpio_mode_peripheral" configurationId="p407.gpio_mode"/>
      <configSetting altId="p408.gpt6.gtiocb" configurationId="p408"/>
      <configSetting altId="p408.gpio_mode.gpio_mode_peripheral" configurationId="p408.gpio_mode"/>
      <configSetting altId="p409.irq0.irq06" configurationId="p409"/>
      <configSetting altId="p409.gpio_irq.gpio_irq_enabled" configurationId="p409.gpio_irq"/>
      <configSetting altId="p409.gpio_mode.gpio_mode_irq" configurationId="p409.gpio_mode"/>
      <configSetting altId="p409.gpio_pupd.gpio_pupd_ip_up" configurationId="p409.gpio_pupd"/>
      <configSetting altId="p410.spi1.miso" configurationId="p410"/>
      <configSetting altId="p410.gpio_mode.gpio_mode_peripheral" configurationId="p410.gpio_mode"/>
      <configSetting altId="p411.spi1.mosi" configurationId="p411"/>
      <configSetting altId="p411.gpio_mode.gpio_mode_peripheral" configurationId="p411.gpio_mode"/>
      <configSetting altId="p412.spi1.rspck" configurationId="p412"/>
      <configSetting altId="p412.gpio_mode.gpio_mode_peripheral" configurationId="p412.gpio_mode"/>
      <configSetting altId="p413.spi1.ssl0" configurationId="p413"/>
      <configSetting altId="p413.gpio_mode.gpio_mode_peripheral" configurationId="p413.gpio_mode"/>
      <configSetting altId="p414.irq0.irq09" configurationId="p414"/>
      <configSetting altId="p414.gpio_irq.gpio_irq_enabled" configurationId="p414.gpio_irq"/>
      <configSetting altId="p414.gpio_mode.gpio_mode_irq" configurationId="p414.gpio_mode"/>
      <configSetting altId="p414.gpio_pupd.gpio_pupd_ip_up" configurationId="p414.gpio_pupd"/>
      <configSetting altId="p415.output.low" configurationId="p415"/>
      <configSetting altId="p415.gpio_mode.gpio_mode_out.low" configurationId="p415.gpio_mode"/>
      <configSetting altId="p500.usbfs0.vbusen" configurationId="p500"/>
      <configSetting altId="p500.gpio_mode.gpio_mode_peripheral" configurationId="p500.gpio_mode"/>
      <configSetting altId="p501.usbfs0.ovrcura" configurationId="p501"/>
      <configSetting altId="p501.gpio_mode.gpio_mode_peripheral" configurationId="p501.gpio_mode"/>
      <configSetting altId="p505.sci6.scl" configurationId="p505"/>
      <configSetting altId="p505.gpio_mode.gpio_mode_peripheral" configurationId="p505.gpio_mode"/>
      <configSetting altId="p505.gpio_otype.gpio_otype_n_ch_od" configurationId="p505.gpio_otype"/>
      <configSetting altId="p506.sci6.sda" configurationId="p506"/>
      <configSetting altId="p506.gpio_mode.gpio_mode_peripheral" configurationId="p506.gpio_mode"/>
      <configSetting altId="p506.gpio_otype.gpio_otype_n_ch_od" configurationId="p506.gpio_otype"/>
      <configSetting altId="p511.iic1.sda" configurationId="p511"/>
      <configSetting altId="p511.gpio_speed.gpio_speed_medium" configurationId="p511.gpio_drivecapacity"/>
      <configSetting altId="p511.gpio_mode.gpio_mode_peripheral" configurationId="p511.gpio_mode"/>
      <configSetting altId="p512.iic1.scl" configurationId="p512"/>
      <configSetting altId="p512.gpio_speed.gpio_speed_medium" configurationId="p512.gpio_drivecapacity"/>
      <configSetting altId="p512.gpio_mode.gpio_mode_peripheral" configurationId="p512.gpio_mode"/>
      <configSetting altId="p600.ospi0.omsio4" configurationId="p600"/>
      <configSetting altId="p600.gpio_speed.gpio_speed_high" configurationId="p600.gpio_drivecapacity"/>
      <configSetting altId="p600.gpio_mode.gpio_mode_peripheral" configurationId="p600.gpio_mode"/>
      <configSetting altId="p601.ospi0.omsio2" configurationId="p601"/>
      <configSetting altId="p601.gpio_speed.gpio_speed_high" configurationId="p601.gpio_drivecapacity"/>
      <configSetting altId="p601.gpio_mode.gpio_mode_peripheral" configurationId="p601.gpio_mode"/>
      <configSetting altId="p602.ospi0.omcs1" configurationId="p602"/>
      <configSetting altId="p602.gpio_speed.gpio_speed_high" configurationId="p602.gpio_drivecapacity"/>
      <configSetting altId="p602.gpio_mode.gpio_mode_peripheral" configurationId="p602.gpio_mode"/>
      <configSetting altId="p610.ospi0.omcs0" configurationId="p610"/>
      <configSetting altId="p610.gpio_speed.gpio_speed_high" configurationId="p610.gpio_drivecapacity"/>
      <configSetting altId="p610.gpio_mode.gpio_mode_peripheral" configurationId="p610.gpio_mode"/>
      <configSetting altId="p611.output.low" configurationId="p611"/>
      <configSetting altId="p611.gpio_mode.gpio_mode_out.low" configurationId="p611.gpio_mode"/>
      <configSetting altId="p612.output.low" configurationId="p612"/>
      <configSetting altId="p612.gpio_mode.gpio_mode_out.low" configurationId="p612.gpio_mode"/>
      <configSetting altId="p613.sci7.txd" configurationId="p613"/>
      <configSetting altId="p613.gpio_mode.gpio_mode_peripheral" configurationId="p613.gpio_mode"/>
      <configSetting altId="p614.sci7.rxd" configurationId="p614"/>
      <configSetting altId="p614.gpio_mode.gpio_mode_peripheral" configurationId="p614.gpio_mode"/>
      <configSetting altId="p700.etherc0.rmii.txd0" configurationId="p700"/>
      <configSetting altId="p700.gpio_speed.gpio_speed_high" configurationId="p700.gpio_drivecapacity"/>
      <configSetting altId="p700.gpio_mode.gpio_mode_peripheral" configurationId="p700.gpio_mode"/>
      <configSetting altId="p701.etherc0.rmii.ref50ck" configurationId="p701"/>
      <configSetting altId="p701.gpio_speed.gpio_speed_high" configurationId="p701.gpio_drivecapacity"/>
      <configSetting altId="p701.gpio_mode.gpio_mode_peripheral" configurationId="p701.gpio_mode"/>
      <configSetting altId="p702.etherc0.rmii.rxd0" configurationId="p702"/>
      <configSetting altId="p702.gpio_speed.gpio_speed_high" configurationId="p702.gpio_drivecapacity"/>
      <configSetting altId="p702.gpio_mode.gpio_mode_peripheral" configurationId="p702.gpio_mode"/>
      <configSetting altId="p703.etherc0.rmii.rxd1" configurationId="p703"/>
      <configSetting altId="p703.gpio_speed.gpio_speed_high" configurationId="p703.gpio_drivecapacity"/>
      <configSetting altId="p703.gpio_mode.gpio_mode_peripheral" configurationId="p703.gpio_mode"/>
      <configSetting altId="p704.etherc0.rmii.rx_er" configurationId="p704"/>
      <configSetting altId="p704.gpio_speed.gpio_speed_high" configurationId="p704.gpio_drivecapacity"/>
      <configSetting altId="p704.gpio_mode.gpio_mode_peripheral" configurationId="p704.gpio_mode"/>
      <configSetting altId="p705.etherc0.rmii.crs_dv" configurationId="p705"/>
      <configSetting altId="p705.gpio_speed.gpio_speed_high" configurationId="p705.gpio_drivecapacity"/>
      <configSetting altId="p705.gpio_mode.gpio_mode_peripheral" configurationId="p705.gpio_mode"/>
      <configSetting altId="p708.output.low" configurationId="p708"/>
      <configSetting altId="p708.gpio_mode.gpio_mode_out.low" configurationId="p708.gpio_mode"/>
      <configSetting altId="p709.output.low" configurationId="p709"/>
      <configSetting altId="p709.gpio_mode.gpio_mode_out.low" configurationId="p709.gpio_mode"/>
      <configSetting altId="p710.output.low" configurationId="p710"/>
      <configSetting altId="p710.gpio_mode.gpio_mode_out.low" configurationId="p710.gpio_mode"/>
      <configSetting altId="p712.output.low" configurationId="p712"/>
      <configSetting altId="p712.gpio_mode.gpio_mode_out.low" configurationId="p712.gpio_mode"/>
      <configSetting altId="p713.output.low" configurationId="p713"/>
      <configSetting altId="p713.gpio_mode.gpio_mode_out.low" configurationId="p713.gpio_mode"/>
      <configSetting altId="qspi0.mode.quad.b" configurationId="qspi0.mode"/>
      <configSetting altId="qspi0.pairing.b" configurationId="qspi0.pairing"/>
      <configSetting altId="qspi0.qio0.p307" configurationId="qspi0.qio0"/>
      <configSetting altId="qspi0.qio1.p308" configurationId="qspi0.qio1"/>
      <configSetting altId="qspi0.qio2.p309" configurationId="qspi0.qio2"/>
      <configSetting altId="qspi0.qio3.p310" configurationId="qspi0.qio3"/>
      <configSetting altId="qspi0.qspclk.p305" configurationId="qspi0.qspclk"/>
      <configSetting altId="qspi0.qssl.p306" configurationId="qspi0.qssl"/>
      <configSetting altId="sci6.mode.iic.b" configurationId="sci6.mode"/>
      <configSetting altId="sci6.pairing.b" configurationId="sci6.pairing"/>
      <configSetting altId="sci6.scl.p505" configurationId="sci6.scl"/>
      <configSetting altId="sci6.sda.p506" configurationId="sci6.sda"/>
      <configSetting altId="sci7.mode.asynchronous.c" configurationId="sci7.mode"/>
      <configSetting altId="sci7.pairing.c" configurationId="sci7.pairing"/>
      <configSetting altId="sci7.rxd.p614" configurationId="sci7.rxd"/>
      <configSetting altId="sci7.txd.p613" configurationId="sci7.txd"/>
      <configSetting altId="spi0.miso.p202" configurationId="spi0.miso"/>
      <configSetting altId="spi0.mode.enabled.free" configurationId="spi0.mode"/>
      <configSetting altId="spi0.mosi.p203" configurationId="spi0.mosi"/>
      <configSetting altId="spi0.pairing.free" configurationId="spi0.pairing"/>
      <configSetting altId="spi0.rspck.p204" configurationId="spi0.rspck"/>
      <configSetting altId="spi0.ssl0.p205" configurationId="spi0.ssl0"/>
      <configSetting altId="spi0.ssl2.p301" configurationId="spi0.ssl2"/>
      <configSetting altId="spi1.miso.p410" configurationId="spi1.miso"/>
      <configSetting altId="spi1.mode.enabled.b" configurationId="spi1.mode"/>
      <configSetting altId="spi1.mosi.p411" configurationId="spi1.mosi"/>
      <configSetting altId="spi1.pairing.b" configurationId="spi1.pairing"/>
      <configSetting altId="spi1.rspck.p412" configurationId="spi1.rspck"/>
      <configSetting altId="spi1.ssl0.p413" configurationId="spi1.ssl0"/>
      <configSetting altId="usbfs0.mode.custom" configurationId="usbfs0.mode"/>
      <configSetting altId="usbfs0.ovrcura.p501" configurationId="usbfs0.ovrcura"/>
      <configSetting altId="usbfs0.vbus.p407" configurationId="usbfs0.vbus"/>
      <configSetting altId="usbfs0.vbusen.p500" configurationId="usbfs0.vbusen"/>
    </pincfg>
    <pincfg active="true" name="R7FA6M4AF3CFB.pincfg" selected="true" symbol="g_bsp_pin_cfg">
      <configSetting altId="debug0.mode.jtag" configurationId="debug0.mode"/>
      <configSetting altId="debug0.tck.p300" configurationId="debug0.tck"/>
      <configSetting altId="debug0.tdi.p110" configurationId="debug0.tdi"/>
      <configSetting altId="debug0.tdo.p109" configurationId="debug0.tdo"/>
      <configSetting altId="debug0.tms.p108" configurationId="debug0.tms"/>
      <configSetting altId="p108.debug0.tms" configurationId="p108"/>
      <configSetting altId="p108.gpio_mode.gpio_mode_peripheral" configurationId="p108.gpio_mode"/>
      <configSetting altId="p109.debug0.tdo" configurationId="p109"/>
      <configSetting altId="p109.gpio_mode.gpio_mode_peripheral" configurationId="p109.gpio_mode"/>
      <configSetting altId="p110.debug0.tdi" configurationId="p110"/>
      <configSetting altId="p110.gpio_mode.gpio_mode_peripheral" configurationId="p110.gpio_mode"/>
      <configSetting altId="p300.debug0.tck" configurationId="p300"/>
      <configSetting altId="p300.gpio_mode.gpio_mode_peripheral" configurationId="p300.gpio_mode"/>
      <configSetting altId="p305.qspi0.qspclk" configurationId="p305"/>
      <configSetting altId="p305.gpio_mode.gpio_mode_peripheral" configurationId="p305.gpio_mode"/>
      <configSetting altId="p306.qspi0.qssl" configurationId="p306"/>
      <configSetting altId="p306.gpio_mode.gpio_mode_peripheral" configurationId="p306.gpio_mode"/>
      <configSetting altId="p307.qspi0.qio0" configurationId="p307"/>
      <configSetting altId="p307.gpio_mode.gpio_mode_peripheral" configurationId="p307.gpio_mode"/>
      <configSetting altId="p308.qspi0.qio1" configurationId="p308"/>
      <configSetting altId="p308.gpio_mode.gpio_mode_peripheral" configurationId="p308.gpio_mode"/>
      <configSetting altId="p309.qspi0.qio2" configurationId="p309"/>
      <configSetting altId="p309.gpio_mode.gpio_mode_peripheral" configurationId="p309.gpio_mode"/>
      <configSetting altId="p310.qspi0.qio3" configurationId="p310"/>
      <configSetting altId="p310.gpio_mode.gpio_mode_peripheral" configurationId="p310.gpio_mode"/>
      <configSetting altId="qspi0.mode.quad.b" configurationId="qspi0.mode"/>
      <configSetting altId="qspi0.pairing.b" configurationId="qspi0.pairing"/>
      <configSetting altId="qspi0.qio0.p307" configurationId="qspi0.qio0"/>
      <configSetting altId="qspi0.qio1.p308" configurationId="qspi0.qio1"/>
      <configSetting altId="qspi0.qio2.p309" configurationId="qspi0.qio2"/>
      <configSetting altId="qspi0.qio3.p310" configurationId="qspi0.qio3"/>
      <configSetting altId="qspi0.qspclk.p305" configurationId="qspi0.qspclk"/>
      <configSetting altId="qspi0.qssl.p306" configurationId="qspi0.qssl"/>
    </pincfg>
  </raPinConfiguration>
</raConfiguration>
