<?xml version="1.0" encoding="UTF-8" standalone="no"?>
<raConfiguration version="10">
  <raModuleConfiguration>
    <module id="module.driver.flash_on_flash_hp.300814256">
      <property id="module.driver.flash.name" value="g_flash0"/>
      <property id="module.driver.flash.data_flash_bgo" value="module.driver.flash.data_flash_bgo.disabled"/>
      <property id="module.driver.flash.p_callback" value="NULL"/>
      <property id="module.driver.flash.ipl" value="_disabled"/>
      <property id="module.driver.flash.err_ipl" value="_disabled"/>
    </module>
    <context id="_context.1079209878">
      <stack module="module.driver.flash_on_flash_hp.300814256" requires="module.driver.rm_mcuboot_port.requires.flash"/>
    </context>
  </raModuleConfiguration>
</raConfiguration>
